CH_SA_CODE,CH_SA_NAME,CHSRBRL_CL,CHSPOP_CEN,HLT_A_CODE,HLT_A_NAME,HSD_A_CODE,HSD_A_NAME,HSDA_ID,HAUTH_CODE,HAUTH_NAME,HAUTH_ID,SH_FRM_DQF,LG_FRM_DFQ,SH_FRM_GNR,LG_FRM_GNR,SHLT_T_HSL,SHLT_T_LSL,SH_OT_30_P,SH_OT_100U,SHLT_WN_HL,SHLT_WN_WE,SHLT_WN_3E,SHLT_WN_MN,SHLT_WN_ME,SHLT_WN_VN,SHLT_WN_VE,SHLT_RNT_L,ST_RTSB_RT,ST_RT30_RT,SHLT_RNT_N,ST_RTMC_A,FEAT_AREA,FEAT_LEN,SHAPE,OBJECTID,X,Y
3323,Bowen Island/Lions Bay,6 Rural,5086,332,West Vancouver/Bowen Island,33,North Shore/Coast Garibaldi,33 NSCG,3,Vancouver Coastal,3 VCHA,00000,00000,4.5,3.9,2010,1455,555,430,1695,57.1,23.8,1442,1740,898333,1164838,310,8.1,48.4,1412,1563,130965780.5693,90231.905,,648,,
3331,Gibsons,5 Rural Hub,8269,333,Sunshine Coast,33,North Shore/Coast Garibaldi,33 NSCG,3,Vancouver Coastal,3 VCHA,00100,00101,7.1000000000000005,6.8,3740,2785,950,840,2850,53.5,17.7,853,1124,449293,499738,890,16.3,50,951,1024,26046346.2711,29620.7251,,649,,
3332,Sechelt,5 Rural Hub,10862,333,Sunshine Coast,33,North Shore/Coast Garibaldi,33 NSCG,3,Vancouver Coastal,3 VCHA,00100,00101,6.2,8.6,4835,3495,1340,1100,3700,48,19.6,712,1064,432996,511764,1140,15.4,53.9,1025,1059,42050982.3764,62743.5372,,650,,
3333,Sunshine Coast Rural,6 Rural,10839,333,Sunshine Coast,33,North Shore/Coast Garibaldi,33 NSCG,3,Vancouver Coastal,3 VCHA,00100,00111,6.8,10.1,5025,3700,1325,1055,4055,43.4,20.1,652,1062,550242,694596,990,4.6000000000000005,51.800000000000004,1020,1006,3755316764.3022,1189196.0526,,754,,
3341,Powell River City,4 Small Urban,13157,334,Powell River,33,North Shore/Coast Garibaldi,33 NSCG,3,Vancouver Coastal,3 VCHA,00000,00000,4.2,4.1,6060,4710,1350,1220,4555,50.4,14.9,711,899,250875,277720,1510,13.200000000000001,44.7,772,826,31124182.8408,38027.5886,,651,,
3342,qathet Rural,6 Rural,6514,334,Powell River,33,North Shore/Coast Garibaldi,33 NSCG,3,Vancouver Coastal,3 VCHA,00100,00100,8.6,5.5,2770,2300,475,375,2260,40.1,12.6,413,708,300035,345571,520,4.8,36.9,633,644,5194255043.2066,936643.2851,,652,,
3351,Squamish,4 Small Urban,19893,335,Howe Sound,33,North Shore/Coast Garibaldi,33 NSCG,3,Vancouver Coastal,3 VCHA,00100,00101,6.2,7.2,7245,5370,1875,1515,5270,72.3,21.8,1752,1733,698353,724362,1985,9.1,36.5,1201,1304,112610676.1095,121407.6255,,653,,
3352,Whistler,5 Rural Hub,11854,335,Howe Sound,33,North Shore/Coast Garibaldi,33 NSCG,3,Vancouver Coastal,3 VCHA,01100,01101,11.700000000000001,9.5,4605,2985,1625,1340,2800,66.7,29.6,1570,1869,699394,963197,1810,8.3,43.6,1487,1656,244958587.0569,74139.48329999999,,654,,
3353,Howe Sound Rural,6 Rural,6906,335,Howe Sound,33,North Shore/Coast Garibaldi,33 NSCG,3,Vancouver Coastal,3 VCHA,01200,01212,13.200000000000001,12.700000000000001,1945,1420,525,475,1590,73.3,24,1602,1647,500883,604079,360,12.5,39.7,1180,1274,8844446859.7088,964711.8937,,655,,
3360,Bella Coola Valley,7 Remote,2678,336,Bella Coola Valley,33,North Shore/Coast Garibaldi,33 NSCG,3,Vancouver Coastal,3 VCHA,01200,01201,11.6,5.7,675,590,85,60,505,43.6,10,437,716,200322,235859,175,20,19.400000000000002,508,571,25204547190.7677,1835440.1293,,656,,
3370,Central Coast,7 Remote,1514,337,Central Coast,33,North Shore/Coast Garibaldi,33 NSCG,3,Vancouver Coastal,3 VCHA,01200,01212,13.5,13.8,120,100,20,20,80,43.800000000000004,0,400,585,135680,240795,40,0,25,446,426,10712993021.7794,6552698.8037,,657,,
4111,Downtown Victoria/Vic West,2 Large Urban,31290,411,Greater Victoria,41,South Vancouver Island,41 SVI,4,Vancouver Island,4 VIHA,00100,00101,8.1,6.4,16700,10345,6360,5285,6330,67,25.1,1269,1368,410292,465464,10420,17.6,46,947,1036,7319240.657,21468.1544,,658,,
4112,James Bay/Fairfield,2 Large Urban,32057,411,Greater Victoria,41,South Vancouver Island,41 SVI,4,Vancouver Island,4 VIHA,00000,00000,5.8,5.9,17645,11555,6090,5220,7225,44.9,18.8,928,1315,649256,685627,10430,8.700000000000001,45.4,994,1095,7655028.8085,17306.0175,,661,,
4113,Oaklands/Fernwood,2 Large Urban,22445,411,Greater Victoria,41,South Vancouver Island,41 SVI,4,Vancouver Island,4 VIHA,00100,00100,5.7,4.3,11325,7050,4275,3600,4485,64.2,24,1301,1380,501553,515753,6855,12,46.7,929,1013,4502290.3674,10376.7451,,663,,
4114,Oak Bay,2 Large Urban,18094,411,Greater Victoria,41,South Vancouver Island,41 SVI,4,Vancouver Island,4 VIHA,00000,00000,5.1000000000000005,3.1,7730,5990,1730,1395,5905,39.7,14.1,918,1522,899972,1074011,1830,10.1,49.5,982,1199,12640064.3502,47088.6295,,662,,
4115,Gordon Head/Shelbourne,2 Large Urban,38257,411,Greater Victoria,41,South Vancouver Island,41 SVI,4,Vancouver Island,4 VIHA,00000,00001,4.1,5.6000000000000005,15145,10765,4380,3520,10515,46.7,18.400000000000002,919,1387,698098,766996,4660,8.3,52.9,1200,1298,21885444.7687,37889.2951,,660,,
4116,Quadra/Swan Lake,2 Large Urban,24167,411,Greater Victoria,41,South Vancouver Island,41 SVI,4,Vancouver Island,4 VIHA,00000,00001,3.9,6.2,10690,7665,3025,2530,6620,58.800000000000004,19,1169,1358,598312,563246,4085,14.3,43.4,993,1087,9909913.5963,15751.687300000001,,664,,
4117,Interurban/Tillicum,2 Large Urban,29704,411,Greater Victoria,41,South Vancouver Island,41 SVI,4,Vancouver Island,4 VIHA,00000,00000,3.8000000000000003,4,11830,8595,3235,2890,8120,64.6,22.1,1427,1466,550459,552640,3720,18.1,39.1,1049,1122,23786339.0511,28176.405,,665,,
4118,View Royal,2 Large Urban,10408,411,Greater Victoria,41,South Vancouver Island,41 SVI,4,Vancouver Island,4 VIHA,00100,00100,7.8,2.7,4145,3215,930,835,2985,68,17.8,1534,1536,552271,587198,1170,10.700000000000001,34.800000000000004,1174,1217,16404171.5958,36609.7653,,666,,
4119,Esquimalt,2 Large Urban,19497,411,Greater Victoria,41,South Vancouver Island,41 SVI,4,Vancouver Island,4 VIHA,20100,20100,7.1000000000000005,4.4,8485,5675,2805,2490,4140,62.7,21.6,1306,1365,480688,522537,4350,13.3,44,936,1043,7988943.8808,23089.6609,,659,,
4121,Colwood,2 Large Urban,16859,412,Western Communities,41,South Vancouver Island,41 SVI,4,Vancouver Island,4 VIHA,00000,00000,3.3000000000000003,3.9,6575,5210,1365,1210,4850,66.2,17.8,1436,1464,500670,531943,1735,15.3,29,1150,1201,17689483.7037,27469.9899,,667,,
4122,Metchosin,6 Rural,4837,412,Western Communities,41,South Vancouver Island,41 SVI,4,Vancouver Island,4 VIHA,00000,00000,5.1000000000000005,6.7,1770,1405,365,290,1375,52.5,18.5,1004,1399,698966,758503,395,0,29.5,1045,1090,74721648.5013,82656.0366,,668,,
4123,Langford/Highlands,2 Large Urban,37985,412,Western Communities,41,South Vancouver Island,41 SVI,4,Vancouver Island,4 VIHA,00000,00000,3.8000000000000003,5.3,15120,11275,3845,3380,10700,74.3,19.5,1619,1566,474006,499173,4430,7,39.7,1202,1246,87617160.1161,65301.0222,,669,,
4124,Sooke,5 Rural Hub,14894,412,Western Communities,41,South Vancouver Island,41 SVI,4,Vancouver Island,4 VIHA,00000,00001,3.7,6,5940,4320,1620,1365,4700,68.8,22.2,1424,1381,400646,449928,1250,8.4,46.4,1099,1124,88404573.9307,114500.4867,,670,,
4125,Juan de Fuca Coast,6 Rural,2885,412,Western Communities,41,South Vancouver Island,41 SVI,4,Vancouver Island,4 VIHA,00100,00101,7.2,8.3,1190,865,325,230,980,59.7,24.5,1108,1222,499848,526578,210,0,39,865,896,1474547788.2357,294073.7616,,671,,
4131,Royal Oak/Cordova Bay/Prospect,2 Large Urban,22020,413,Saanich Peninsula,41,South Vancouver Island,41 SVI,4,Vancouver Island,4 VIHA,00000,00000,4.2,4.1,8730,7050,1680,1420,7210,43.7,14.9,917,1462,760119,829205,1535,15.3,39.2,1053,1207,47147527.9424,31530.5349,,672,,
4132,Central Saanich,2 Large Urban,19325,413,Saanich Peninsula,41,South Vancouver Island,41 SVI,4,Vancouver Island,4 VIHA,00000,00000,5.1000000000000005,3.6,6675,5245,1435,1270,5285,53.2,15.200000000000001,1085,1383,599926,651573,1395,9.3,45,1018,1187,46148218.5575,37522.8688,,673,,
4133,North Saanich,2 Large Urban,11675,413,Saanich Peninsula,41,South Vancouver Island,41 SVI,4,Vancouver Island,4 VIHA,00000,00000,3.6,2.9,4550,3780,770,665,3990,46.2,14.4,852,1415,753155,895042,575,7.8,36,1003,1212,40362526.1315,49413.2727,,674,,
4134,Sidney,2 Large Urban,11672,413,Saanich Peninsula,41,South Vancouver Island,41 SVI,4,Vancouver Island,4 VIHA,00000,00000,6,4.9,5600,4245,1355,1185,4250,48.4,16.8,792,1055,474347,501443,1355,6.6000000000000005,47.2,1109,1208,5084760.2701,13342.9869,,675,,
4141,Salt Spring Island,6 Rural,10557,414,Southern Gulf Islands,41,South Vancouver Island,41 SVI,4,Vancouver Island,4 VIHA,00100,00101,6.3,6.2,4670,3215,1455,1230,3530,46.7,23.8,736,1106,501541,627218,1150,11.8,53.7,973,1007,185664114.6526,141135.7886,,676,,
4142,Pender/Galiano/Saturna/Mayne,6 Rural,4732,414,Southern Gulf Islands,41,South Vancouver Island,41 SVI,4,Vancouver Island,4 VIHA,00100,00101,7,9.8,2420,1920,500,435,2075,35.2,16.2,483,815,404045,517411,355,8.5,45.1,779,763,191034516.4162,443710.2167,,677,,
4211,South Cowichan,5 Rural Hub,17780,421,Cowichan Valley South,42,Central Vancouver Island,42 CVI,4,Vancouver Island,4 VIHA,00000,00001,5.1000000000000005,6.3,7080,5670,1405,1205,6070,60.2,17.1,1121,1290,450009,498033,1010,5,36.1,1039,1083,237704653.4319,120077.7834,,678,,
4212,Central Cowichan,4 Small Urban,40598,421,Cowichan Valley South,42,Central Vancouver Island,42 CVI,4,Vancouver Island,4 VIHA,00000,00000,5.3,6.1000000000000005,15900,11950,3950,3490,11500,54.9,16.7,895,1085,359277,405251,4415,12.1,46.1,865,933,505637156.5821,160415.4276,,679,,
4220,Cowichan Valley West,6 Rural,6240,422,Cowichan Valley West,42,Central Vancouver Island,42 CVI,4,Vancouver Island,4 VIHA,00100,00111,6.5,10.700000000000001,2785,2015,775,685,2085,59.2,20.1,880,1039,300484,382425,700,8.6,49.6,804,825,2378129735.3984,390908.0471,,680,,
4231,Ladysmith,4 Small Urban,8557,423,Cowichan Valley North,42,Central Vancouver Island,42 CVI,4,Vancouver Island,4 VIHA,00000,00000,6.3,8.2,3700,2930,770,675,2995,60.7,16.7,1031,1089,340119,346927,715,14.6,37.800000000000004,915,949,12305831.9675,26653.0354,,753,,
4232,Ladysmith Rural,6 Rural,3676,423,Cowichan Valley North,42,Central Vancouver Island,42 CVI,4,Vancouver Island,4 VIHA,00100,00101,7.1000000000000005,7.3,1215,980,235,200,1020,48.5,16.2,817,1036,450388,545033,190,0,35.9,844,895,358421066.2622,231012.467,,741,,
4233,Chemainus,5 Rural Hub,6037,423,Cowichan Valley North,42,Central Vancouver Island,42 CVI,4,Vancouver Island,4 VIHA,00000,00000,6.7,7.5,2835,2240,595,530,2310,46.1,15,634,959,350098,408289,535,10.4,46.7,881,911,18493169.7718,40311.0935,,681,,
4234,Penelakut and Thetis Islands,6 Rural,851,423,Cowichan Valley North,42,Central Vancouver Island,42 CVI,4,Vancouver Island,4 VIHA,00100,00101,7.8,9.8,180,160,20,15,160,21.2,15.6,367,553,499973,550756,25,0,0,0,0,48494995.9986,110060.6345,,682,,
4241,Downtown Nanaimo,3 Medium Urban,20117,424,Greater Nanaimo,42,Central Vancouver Island,42 CVI,4,Vancouver Island,4 VIHA,00100,00101,7.1000000000000005,5.7,10040,6250,3790,3295,4885,61,21.3,957,1016,300945,330704,5160,16.8,53.300000000000004,828,871,14136578.0722,34243.9997,,683,,
4242,Departure Bay,3 Medium Urban,25680,424,Greater Nanaimo,42,Central Vancouver Island,42 CVI,4,Vancouver Island,4 VIHA,00000,00000,4.2,4.3,10835,8000,2835,2530,7155,62.7,17.1,1144,1185,359238,387179,3685,8.4,43.800000000000004,974,1035,21091342.5903,25029.4767,,684,,
4243,Nanaimo North/Lantzville,3 Medium Urban,30045,424,Greater Nanaimo,42,Central Vancouver Island,42 CVI,4,Vancouver Island,4 VIHA,00000,00000,3.7,4.5,12300,9940,2355,2045,10375,52,15.4,827,1145,425537,476111,1935,8.5,39.300000000000004,1038,1118,48590573.1897,61334.2425,,685,,
4244,Nanaimo South,3 Medium Urban,14529,424,Greater Nanaimo,42,Central Vancouver Island,42 CVI,4,Vancouver Island,4 VIHA,00100,00101,5.7,5.5,5630,4075,1560,1370,3850,69,16.5,1085,1096,300668,302051,1790,12,51.4,959,996,27651005.8595,64949.9013,,686,,
4245,Nanaimo West/Rural,6 Rural,7502,424,Greater Nanaimo,42,Central Vancouver Island,42 CVI,4,Vancouver Island,4 VIHA,00100,00100,6.2,2.7,2765,2245,525,480,2295,56.300000000000004,14.3,965,1245,449303,489903,470,3.2,42.6,1003,1174,1080072781.2524,324790.0732,,687,,
4246,Cedar/Wellington,6 Rural,7058,424,Greater Nanaimo,42,Central Vancouver Island,42 CVI,4,Vancouver Island,4 VIHA,00000,00000,4,5.2,2895,2395,500,410,2470,59.6,14.6,893,1073,400201,442612,435,0,32.2,973,986,62389396.3072,50067.7887,,688,,
4247,Gabriola Island,6 Rural,4033,424,Greater Nanaimo,42,Central Vancouver Island,42 CVI,4,Vancouver Island,4 VIHA,00000,00000,5.4,4.9,2105,1560,545,450,1750,41,20.3,508,722,375448,454667,360,9.700000000000001,52.1,768,811,58082841.1091,86755.6465,,689,,
4251,Parksville,4 Small Urban,13260,425,Oceanside,42,Central Vancouver Island,42 CVI,4,Vancouver Island,4 VIHA,00000,00000,5.2,2.8000000000000003,6430,4945,1485,1310,4840,45,14,705,905,349989,376696,1595,15.4,51.300000000000004,968,1000,16806384.393,32287.2232,,690,,
4252,Qualicum Beach,4 Small Urban,8943,425,Oceanside,42,Central Vancouver Island,42 CVI,4,Vancouver Island,4 VIHA,00000,00000,5.6000000000000005,4.6000000000000005,4290,3520,765,670,3700,33,11.8,543,853,438597,486216,595,11.8,56.300000000000004,1038,1096,17994924.069,27679.4182,,691,,
4253,Oceanside Rural,6 Rural,24930,425,Oceanside,42,Central Vancouver Island,42 CVI,4,Vancouver Island,4 VIHA,00000,00000,5.5,7.5,10995,8705,2290,1865,9200,47.300000000000004,15.700000000000001,661,974,449158,518738,1815,7.7,46.6,920,954,811244494.0207,470426.0514,,692,,
4261,Port Alberni,4 Small Urban,21118,426,Alberni/Clayoquot,42,Central Vancouver Island,42 CVI,4,Vancouver Island,4 VIHA,00000,00001,5,7.1000000000000005,9285,6965,2325,2050,6510,55,13.8,735,882,229373,247577,2775,17,51.4,749,784,49205972.6403,63983.3611,,693,,
4262,Alberni Valley/Bamfield,6 Rural,4329,426,Alberni/Clayoquot,42,Central Vancouver Island,42 CVI,4,Vancouver Island,4 VIHA,00000,00000,5.3,7.2,1905,1625,280,235,1675,45.5,11.1,553,913,360382,462052,240,0,39.6,734,738,3492709791.3958,821086.1242,,694,,
4263,West Coast,7 Remote,5534,426,Alberni/Clayoquot,42,Central Vancouver Island,42 CVI,4,Vancouver Island,4 VIHA,01200,01212,14.8,13.700000000000001,1745,1210,530,465,1115,67.6,29.7,1319,1380,429823,502011,630,8.700000000000001,31.5,872,989,3338823726.8692,1612730.7068,,695,,
4311,Comox,3 Medium Urban,21744,431,Comox Valley,43,North Vancouver Island,43 NVI,4,Vancouver Island,4 VIHA,00000,00000,4.1,4.1,9205,7465,1745,1545,7340,52.800000000000004,14,841,1089,393491,437901,1875,11.200000000000001,38.1,980,1006,72269048.6045,73741.821,,696,,
4312,Comox Valley Rural,6 Rural,19623,431,Comox Valley,43,North Vancouver Island,43 NVI,4,Vancouver Island,4 VIHA,00000,00000,4.8,6.2,8275,6610,1665,1400,6765,52.5,15.4,746,999,399830,451503,1515,7.6000000000000005,40.9,904,887,1640947709.64,361271.9169,,697,,
4313,Courtenay,3 Medium Urban,25160,431,Comox Valley,43,North Vancouver Island,43 NVI,4,Vancouver Island,4 VIHA,00000,00000,3.6,4.6000000000000005,11615,8545,3070,2750,8060,56.300000000000004,15.6,873,1024,318695,341777,3560,11.9,50.9,904,949,32904122.2252,45218.8834,,747,,
4321,Campbell River,3 Medium Urban,33465,432,Greater Campbell River,43,North Vancouver Island,43 NVI,4,Vancouver Island,4 VIHA,00000,00000,4.4,4.1,14160,10970,3185,2845,10025,56.9,14.1,925,1090,299928,327919,4165,14.3,42.9,904,971,150836062.3113,95294.0463,,698,,
4322,Campbell River Rural,6 Rural,9105,432,Greater Campbell River,43,North Vancouver Island,43 NVI,4,Vancouver Island,4 VIHA,00100,00101,7.4,9.8,4030,3270,760,680,3330,47.7,14.1,583,853,325606,379909,710,9.9,41.1,749,815,13176098951.5001,2938345.4455,,756,,
4330,Vancouver Island West,6 Rural,1901,433,Vancouver Island West,43,North Vancouver Island,43 NVI,4,Vancouver Island,4 VIHA,00100,00101,7.2,7.8,735,620,115,90,650,45.800000000000004,14.5,482,667,134275,150157,80,0,29.400000000000002,527,557,5144085664.5086,1914070.7944,,736,,
4341,Port Hardy/Port Alice,5 Rural Hub,6456,434,Vancouver Island North,43,North Vancouver Island,43 NVI,4,Vancouver Island,4 VIHA,00100,00101,7.2,8.2,2500,1965,540,490,1705,59.5,12.4,781,889,199788,225293,800,18.900000000000002,40.6,684,726,1609985663.1489,403230.8723,,742,,
4342,Port McNeill/Sointula,5 Rural Hub,3021,434,Vancouver Island North,43,North Vancouver Island,43 NVI,4,Vancouver Island,4 VIHA,00000,00000,5.6000000000000005,6.6000000000000005,1380,1125,250,205,980,56.6,12.8,699,844,210569,253090,395,0,31.6,700,705,89500279.1728,78476.3991,,699,,
4343,Vancouver Island North Remote,7 Remote,1758,434,Vancouver Island North,43,North Vancouver Island,43 NVI,4,Vancouver Island,4 VIHA,01200,01211,12.6,11.6,515,430,90,60,375,44,16,538,723,150255,207635,145,10.3,21.400000000000002,688,605,19068602511.5474,5300341.4001,,750,,
5101,Haida Gwaii South,7 Remote,2323,510,Haida Gwaii,51,Northwest,51 NW,5,Northern,5 NHA,01200,01211,12.6,11.5,680,550,125,105,485,48.5,14.6,562,733,174300,205604,195,25.6,28.2,748,750,5251949560.7461,2843511.3172,,700,,
5102,Haida Gwaii North,7 Remote,1875,510,Haida Gwaii,51,Northwest,51 NW,5,Northern,5 NHA,00100,00112,8.1,12,620,520,100,85,460,50,13,535,681,125007,181802,165,12.5,24.2,751,720,4791095521.949,1164384.2459,,701,,
5110,Snow Country,7 Remote,421,511,Snow Country,51,Northwest,51 NW,5,Northern,5 NHA,01100,01101,11.200000000000001,9.200000000000001,200,160,40,35,165,29.400000000000002,21.2,507,663,125285,165106,35,0,0,0,789,27578582546.0171,1729728.6564,,743,,
5121,Prince Rupert City Centre,4 Small Urban,12220,512,Prince Rupert,51,Northwest,51 NW,5,Northern,5 NHA,00100,00101,4.4,5.6000000000000005,4910,3910,995,915,2935,60,12.6,1055,1144,295940,298166,1980,13.9,31.5,815,865,54973897.668,59775.9498,,702,,
5122,Prince Rupert Rural,7 Remote,1281,512,Prince Rupert,51,Northwest,51 NW,5,Northern,5 NHA,00100,00101,7.7,8.1,225,205,15,10,175,50,8.8,782,846,250139,479023,45,0,0,781,648,6112402632.0032,1902661.5161,,755,,
5130,Upper Skeena,7 Remote,4223,513,Upper Skeena,51,Northwest,51 NW,5,Northern,5 NHA,00100,00111,8.9,13.8,880,770,115,90,680,40,5.9,428,625,179881,202223,205,23.8,34.1,647,641,4461978078.9382,385914.5045,,703,,
5141,Smithers Town Centre,5 Rural Hub,6182,514,Smithers,51,Northwest,51 NW,5,Northern,5 NHA,00000,00000,5.8,7.1000000000000005,2600,2150,450,420,1870,57,9.9,943,1056,299647,305429,735,6.8,36.300000000000004,849,897,73365565.1639,53706.6517,,704,,
5142,Smithers Rural,6 Rural,6786,514,Smithers,51,Northwest,51 NW,5,Northern,5 NHA,00100,00111,5.5,12.700000000000001,2145,1975,180,150,1900,50.300000000000004,6.3,725,954,300799,342824,255,0,21.6,765,814,4232627046.2234,454789.3087,,705,,
5143,Houston,5 Rural Hub,3446,514,Smithers,51,Northwest,51 NW,5,Northern,5 NHA,00100,00111,7.7,15.3,1390,1185,200,180,1030,56.6,7.8,703,870,155054,185414,355,5.6000000000000005,31.900000000000002,700,746,5637436019.4984,534193.9099,,706,,
5150,Kitimat,5 Rural Hub,9090,515,Kitimat,51,Northwest,51 NW,5,Northern,5 NHA,00100,00101,5.5,5.7,3525,3095,425,365,2810,53.300000000000004,6.4,733,930,276139,288882,715,8.3,34,1000,1041,19598677941.4385,5117647.3666,,707,,
5160,Stikine,7 Remote,1033,516,Stikine,51,Northwest,51 NW,5,Northern,5 NHA,03300,03323,30.2,27,405,350,55,40,270,33.3,14.8,434,724,200500,282301,135,28.6,10.700000000000001,629,676,132240588811.705,3510652.4881,,708,,
5171,Terrace City Centre,4 Small Urban,11977,517,Terrace,51,Northwest,51 NW,5,Northern,5 NHA,00000,00000,4.4,3.9,4605,3825,780,725,3185,58.7,8.8,1012,1101,307258,326972,1425,17.8,35.1,900,913,26666698.451,36470.2344,,709,,
5172,Terrace Rural,6 Rural,8273,517,Terrace,51,Northwest,51 NW,5,Northern,5 NHA,00100,00101,6.6000000000000005,8.3,2910,2480,430,380,2310,59.9,11,834,959,259834,302009,600,9.200000000000001,29.2,842,924,13200931990.964,819733.996,,710,,
5180,Nisga'a,7 Remote,1880,518,Nisga'a,51,Northwest,51 NW,5,Northern,5 NHA,00200,00202,4.8,5.2,0,0,0,0,0,0,0,0,0,0,0,0,0,0,0,0,5037071231.8881,528035.5896,,751,,
5190,Telegraph Creek,7 Remote,595,519,Telegraph Creek,51,Northwest,51 NW,5,Northern,5 NHA,01200,01212,12,10.6,40,25,10,10,30,50,28.6,451,802,250624,556879,0,0,0,0,0,23942506619.8701,712264.8875,,711,,
5211,Quesnel City Centre,4 Small Urban,9987,521,Quesnel,52,Northern Interior,52 NI,5,Northern,5 NHA,00000,00001,4.9,9.9,4425,3615,810,780,2805,50.4,5.5,568,810,199743,209356,1615,14.9,40.9,714,740,39511664.6171,52326.2993,,712,,
5212,Quesnel Rural,6 Rural,13218,521,Quesnel,52,Northern Interior,52 NI,5,Northern,5 NHA,00000,00001,4.2,8.3,5320,4700,620,515,4620,53.7,9.200000000000001,582,765,200265,228108,705,5,27.7,701,732,23686180593.9116,1151863.9524,,713,,
5221,Burns Lake Town Centre,5 Rural Hub,2065,522,Burns Lake,52,Northern Interior,52 NI,5,Northern,5 NHA,01200,01222,14.3,22,700,595,100,95,420,58.800000000000004,7.1000000000000005,804,849,150240,165120,275,29.1,25.5,747,776,6971957.3456,13711.4273,,714,,
5222,Burns Lake South,7 Remote,1740,522,Burns Lake,52,Northern Interior,52 NI,5,Northern,5 NHA,00100,00111,8.6,13.6,535,485,50,40,460,40.2,7.6000000000000005,471,638,200624,243137,70,0,26.7,650,609,18719857721.2398,768921.9372,,715,,
5223,Burns Lake North,6 Rural,2451,522,Burns Lake,52,Northern Interior,52 NI,5,Northern,5 NHA,00100,00111,7.3,14.200000000000001,965,880,80,65,860,47.7,7,501,741,150281,178402,105,0,20,703,709,7097161409.2311,510569.1227,,716,,
5231,Vanderhoof,6 Rural,4439,523,Nechako,52,Northern Interior,52 NI,5,Northern,5 NHA,00000,00001,6.4,8.5,1740,1525,210,180,1245,63.2,6,955,1030,244855,273079,495,13.3,28.6,749,781,54278119.953,39509.6717,,717,,
5232,Vanderhoof Rural,6 Rural,3996,523,Nechako,52,Northern Interior,52 NI,5,Northern,5 NHA,00100,00111,5.6000000000000005,10.5,1120,965,155,120,980,56.1,11.200000000000001,781,856,250203,257640,150,0,32.1,802,786,5611190857.7142,452802.5253,,718,,
5233,Fort St. James North,6 Rural,4558,523,Nechako,52,Northern Interior,52 NI,5,Northern,5 NHA,00100,00111,7.5,10.700000000000001,1250,1125,130,125,975,54.9,9.200000000000001,727,887,200187,237004,275,0,12.700000000000001,851,894,33203186592.309,1326269.2795,,719,,
5234,Fraser Lake,6 Rural,2864,523,Nechako,52,Northern Interior,52 NI,5,Northern,5 NHA,00100,00101,6.9,8.6,1055,890,160,125,850,47.9,11.200000000000001,500,742,170816,198630,205,14.6,31.7,775,770,3676434133.725,334609.1306,,720,,
5241,Prince George City - North,3 Medium Urban,16947,524,Prince George,52,Northern Interior,52 NI,5,Northern,5 NHA,00000,00000,3,4.5,6645,5800,845,745,5805,64.6,10.200000000000001,1099,1157,278691,281558,845,7.1000000000000005,30,932,1003,183692739.6976,89298.6775,,721,,
5242,Prince George City - Central,3 Medium Urban,41431,524,Prince George,52,Northern Interior,52 NI,5,Northern,5 NHA,00000,00001,5.1000000000000005,6.4,17805,13405,4400,3905,9960,61.5,11.200000000000001,1010,1032,250368,251371,7860,13.6,41.800000000000004,850,904,80300914.332,59865.4949,,722,,
5243,Prince George City - Southwest,3 Medium Urban,15730,524,Prince George,52,Northern Interior,52 NI,5,Northern,5 NHA,00000,00000,2.6,3.1,5730,5090,640,585,5010,66.7,8.9,1281,1307,303695,333121,730,7.5,26,1009,1098,72127039.0004,39329.6056,,723,,
5244,Prince George Southwest Rural,6 Rural,7847,524,Prince George,52,Northern Interior,52 NI,5,Northern,5 NHA,00000,00000,4.3,5.2,2880,2560,315,260,2670,59.4,10.3,943,1065,325129,355899,210,0,21.400000000000002,760,859,4121343106.681,398588.3978,,726,,
5245,Prince George North Fraser Rur,6 Rural,5486,524,Prince George,52,Northern Interior,52 NI,5,Northern,5 NHA,00000,00001,3.9,8.4,2090,1845,240,190,1945,64,10.3,1031,1122,299516,323721,145,0,31,704,719,27568868284.6616,1206648.1126,,725,,
5246,McBride/Valemount,7 Remote,3223,524,Prince George,52,Northern Interior,52 NI,5,Northern,5 NHA,00100,00111,7.1000000000000005,10.9,1380,1100,275,230,1045,45.2,15.3,514,787,224283,295475,330,19.7,34.800000000000004,657,688,15221416627.7709,975504.8206,,724,,
5247,Mackenzie,5 Rural Hub,4413,524,Prince George,52,Northern Interior,52 NI,5,Northern,5 NHA,00100,00111,7.9,11,1645,1530,115,100,1290,60.5,3.9,747,758,150095,157374,355,14.3,18.6,1027,979,28854875901.8817,1703464.5992,,752,,
5311,Dawson Creek,4 Small Urban,12198,531,Peace River South,53,Northeast,53 NE,5,Northern,5 NHA,00100,00101,6.3,8.3,5030,3905,1125,990,3060,65.7,12,1199,1240,290322,301233,1985,8.8,38.4,1061,1120,30869386.0872,36892.5849,,727,,
5312,Chetwynd,6 Rural,2503,531,Peace River South,53,Northeast,53 NE,5,Northern,5 NHA,00100,00111,6,13.200000000000001,1000,830,170,155,685,63.5,8.8,963,1016,250324,265922,315,19,33.3,902,952,43457319.0319,39292.586800000005,,728,,
5313,Tumbler Ridge,5 Rural Hub,1987,531,Peace River South,53,Northeast,53 NE,5,Northern,5 NHA,00000,00011,4.4,1000,860,700,160,130,655,61.800000000000004,14.5,895,920,150072,167362,205,22,34.1,901,868,1571027669.3263,179411.1742,,729,,
5314,Peace River South Rural,6 Rural,10162,531,Peace River South,53,Northeast,53 NE,5,Northern,5 NHA,00100,00111,5.8,11,3265,2810,450,385,2825,59.5,12.3,997,1152,331488,370265,455,6.7,23.3,926,898,26166906090.3039,1202408.3069,,730,,
5321,Fort St John,4 Small Urban,20155,532,Peace River North,53,Northeast,53 NE,5,Northern,5 NHA,00000,00001,4.3,5.5,7925,6555,1370,1220,4835,77.2,9.5,1686,1622,379811,387667,3105,8.9,29.3,1205,1275,26266038.3125,45932.8001,,731,,
5322,Hudson's Hope,6 Rural,1015,532,Peace River North,53,Northeast,53 NE,5,Northern,5 NHA,00100,00112,9.6,16.9,440,390,50,35,340,47.1,0,549,795,230329,324064,95,30,35,1011,1062,896906041.8222,138259.9993,,732,,
5323,Peace River North Rural,6 Rural,14351,532,Peace River North,53,Northeast,53 NE,5,Northern,5 NHA,00100,00111,5.9,12.1,4110,3570,540,460,3525,65.6,12.9,1309,1483,449367,504759,590,5.1000000000000005,14.5,1017,1102,67027005178.5861,1259248.5128,,733,,
5331,Fort Nelson Population Centre,5 Rural Hub,3796,533,Fort Nelson,53,Northeast,53 NE,5,Northern,5 NHA,00100,00111,6.3,13.3,1620,1355,270,220,1085,73.3,9.700000000000001,1283,1272,250294,262167,540,12,30.8,947,975,13787893.5543,24029.3517,,734,,
5332,Northern Boreal,7 Remote,1718,533,Fort Nelson,53,Northeast,53 NE,5,Northern,5 NHA,00100,00101,6.6000000000000005,7.7,315,265,50,45,285,70.2,17.5,1409,1466,348731,400699,25,0,0,973,958,89361538996.6681,1579832.3376,,735,,
1110,Fernie,5 Rural Hub,15531,111,Fernie,11,East Kootenay,11 EK,1,Interior,1 IHA,00100,00111,7.3,11.700000000000001,6485,5455,1030,910,5105,61,10.200000000000001,1080,1178,330877,385127,1380,15.9,36.6,948,961,8043799485.9054,685419.3675,,539,,
1120,Cranbrook,4 Small Urban,26248,112,Cranbrook,11,East Kootenay,11 EK,1,Interior,1 IHA,00000,00000,4.4,5.9,10860,8830,2025,1815,8375,56.7,12,868,1046,300572,351904,2495,14.200000000000001,41.2,840,900,4473711790.7576,488686.1584,,540,,
1130,Kimberley,6 Rural,9178,113,Kimberley,11,East Kootenay,11 EK,1,Interior,1 IHA,00000,00001,6.6000000000000005,9.6,4090,3390,705,605,3135,53.300000000000004,12.1,796,939,275705,321063,970,11.4,34,834,885,4345656023.4599,436184.1089,,541,,
1140,Windermere,6 Rural,9487,114,Windermere,11,East Kootenay,11 EK,1,Interior,1 IHA,00100,00111,9,10.6,3870,3230,640,555,3135,51.6,12,769,1054,389854,422921,740,8.1,36.1,1001,1050,10980524675.0368,718982.3125,,542,,
1150,Creston,6 Rural,12634,115,Creston,11,East Kootenay,11 EK,1,Interior,1 IHA,00000,00011,6.6000000000000005,10.1,5390,4250,1140,1015,4250,41.800000000000004,13.8,510,785,296608,325150,1150,11.700000000000001,49.1,783,796,3793889979.1517,326678.8118,,543,,
1160,Golden,6 Rural,6851,116,Golden,11,East Kootenay,11 EK,1,Interior,1 IHA,01100,01111,10.1,12.1,2925,2365,560,450,2225,55.7,15.5,736,985,300842,325652,700,12.200000000000001,31.400000000000002,847,908,13347113916.0737,829108.7667,,544,,
1210,Kootenay Lake,6 Rural,3209,121,Kootenay Lake,12,Kootenay Boundary,12 KB,1,Interior,1 IHA,00100,00111,9.3,12.8,1575,1185,390,330,1275,37.9,19.6,426,682,299045,334463,300,13.3,48.300000000000004,734,741,6543225318.256,610328.7058,,545,,
1220,Nelson,6 Rural,25523,122,Nelson,12,Kootenay Boundary,12 KB,1,Interior,1 IHA,00100,00101,6.5,9,11465,8295,3175,2695,8350,52.800000000000004,20.6,735,982,349416,382768,3135,14,46.7,903,928,4809419391.8261,437073.2623,,546,,
1230,Castlegar,5 Rural Hub,13710,123,Castlegar,12,Kootenay Boundary,12 KB,1,Interior,1 IHA,00000,00001,6.2,7.8,5920,4905,1015,915,4775,56.5,11.9,901,1017,300457,331367,1150,12.700000000000001,38.7,800,861,1942579333.075,287787.627,,547,,
1240,Arrow Lakes,6 Rural,4501,124,Arrow Lakes,12,Kootenay Boundary,12 KB,1,Interior,1 IHA,00100,00111,8.3,12.6,2220,1690,535,470,1730,42.1,19.400000000000002,455,705,289338,349089,490,17.3,41.2,735,720,7391983570.7426,613575.3493,,548,,
1250,Trail,4 Small Urban,19367,125,Trail,12,Kootenay Boundary,12 KB,1,Interior,1 IHA,00000,00000,5.5,7.6000000000000005,8715,7275,1445,1270,6730,53.300000000000004,10,743,924,250331,278002,1995,8.8,38.6,740,796,1131227623.9262,164639.1961,,549,,
1260,Grand Forks,6 Rural,8611,126,Grand Forks,12,Kootenay Boundary,12 KB,1,Interior,1 IHA,00100,00111,8.2,10.3,3815,3020,795,685,3220,46.9,16.8,577,794,276126,305846,600,11.700000000000001,42.9,824,843,2691952856.2349,312482.4028,,550,,
1270,Kettle Valley,6 Rural,3469,127,Kettle Valley,12,Kootenay Boundary,12 KB,1,Interior,1 IHA,00100,00111,8.6,12.5,1520,1130,390,315,1310,44.300000000000004,21.900000000000002,500,700,249858,269466,230,8.9,48.9,727,734,4347280783.0131,366266.6272,,551,,
1310,Southern Okanagan,5 Rural Hub,19231,131,Southern Okanagan,13,Okanagan,13 OK,1,Interior,1 IHA,00000,00001,7.3,9.3,8100,6430,1670,1505,6280,42.4,14.9,547,869,349499,405010,1825,12.9,40.300000000000004,886,924,1304340677.8849,173153.2533,,552,,
1320,Penticton,3 Medium Urban,41799,132,Penticton,13,Okanagan,13 OK,1,Interior,1 IHA,00000,00000,5.8,6.1000000000000005,18005,13120,4880,4405,11940,52.300000000000004,15.9,795,1059,399600,433847,6075,13.9,49.1,915,1042,1562864216.3755,253534.4729,,553,,
1330,Keremeos,6 Rural,5101,133,Keremeos,13,Okanagan,13 OK,1,Interior,1 IHA,00100,00111,9.1,11,2075,1590,485,430,1605,41.7,15,475,679,240458,288266,475,11.6,51,772,747,2479925688.1227,296683.1271,,554,,
1340,Princeton,5 Rural Hub,4781,134,Princeton,13,Okanagan,13 OK,1,Interior,1 IHA,00100,00101,9,9.200000000000001,2280,1840,440,410,1770,53,12.700000000000001,678,825,266047,310711,505,17.8,42.6,895,852,4826041529.5885,467807.2199,,555,,
1350,Armstrong/Spallumcheen,5 Rural Hub,10220,135,Armstrong/Spallumcheen,13,Okanagan,13 OK,1,Interior,1 IHA,00000,00001,5.2,7.5,3820,2990,830,715,3030,56.9,16.5,883,1052,376063,402524,790,7.5,41.4,950,981,263752390.2774,98360.3053,,556,,
1361,Vernon Centre/Coldstream,3 Medium Urban,53266,136,Vernon,13,Okanagan,13 OK,1,Interior,1 IHA,00000,00000,4.6000000000000005,6.3,22260,16780,5485,4910,16190,56.300000000000004,15.700000000000001,949,1139,394546,441955,6100,10.1,48.4,923,1008,190642475.5368,136916.5808,,557,,
1362,North Okanagan/Lumby,6 Rural,13583,136,Vernon,13,Okanagan,13 OK,1,Interior,1 IHA,00100,00101,6.8,7.4,4075,3240,840,695,3330,56,16,826,1055,399665,434156,755,13.9,40.4,882,879,5394877948.348,741132.9946,,558,,
1371,Central Okanagan Rural,5 Rural Hub,8720,137,Central Okanagan,13,Okanagan,13 OK,1,Interior,1 IHA,00000,00001,4.2,8.6,3765,2905,860,725,3315,54.7,19.6,972,1239,475081,557579,450,13.3,46.7,1099,1166,2324374972.8776,516747.9375,,559,,
1372,West Kelowna,2 Large Urban,41482,137,Central Okanagan,13,Okanagan,13 OK,1,Interior,1 IHA,00000,00000,3.9,5.2,12285,9665,2615,2235,10295,60.7,17.3,1299,1358,480476,531960,2010,8,42.1,1301,1331,127388754.0199,65230.7918,,560,,
1373,Lake Country,6 Rural,12922,137,Central Okanagan,13,Okanagan,13 OK,1,Interior,1 IHA,00000,00000,4.1,4.3,4910,3710,1200,1070,3820,67.1,20.2,1474,1492,501229,596138,1105,11.3,39.2,1088,1082,162365503.0155,65673.963,,561,,
1374,Glenmore,2 Large Urban,33401,137,Central Okanagan,13,Okanagan,13 OK,1,Interior,1 IHA,00000,00000,4.1,5.7,12825,9625,3205,2700,9685,61.7,18.400000000000002,1340,1437,501246,560787,3145,7.3,45.4,1237,1312,125720266.9033,61602.4822,,562,,
1375,Downtown Kelowna,2 Large Urban,38661,137,Central Okanagan,13,Okanagan,13 OK,1,Interior,1 IHA,00100,00101,7.2,8.3,19585,13165,6425,5655,10730,48.5,19.5,764,1048,379069,423523,8880,10.700000000000001,48.9,1036,1118,38167043.8563,37159.505300000004,,563,,
1376,Rutland,2 Large Urban,34796,137,Central Okanagan,13,Okanagan,13 OK,1,Interior,1 IHA,00000,00001,4.1,5.5,13435,9765,3675,3280,9300,67.3,19.7,1266,1281,400723,409465,4150,11.8,44.4,1062,1129,41997261.4749,29622.1509,,564,,
1377,Okanagan Mission,2 Large Urban,24900,137,Central Okanagan,13,Okanagan,13 OK,1,Interior,1 IHA,00000,00000,3.2,4.7,8655,6830,1830,1565,7565,57.9,18,1447,1683,649696,791421,1100,3.2,42.300000000000004,1329,1391,90748924.9702,55819.1504,,565,,
1380,Summerland,5 Rural Hub,12110,138,Summerland,13,Okanagan,13 OK,1,Interior,1 IHA,00000,00001,6.5,7.2,4945,3820,1120,975,4015,48.4,16.6,666,1045,401183,492277,930,11.3,49.2,1027,1076,615737953.3522,127435.0451,,566,,
1390,Enderby,6 Rural,7285,139,Enderby,13,Okanagan,13 OK,1,Interior,1 IHA,00100,00101,5.8,8.1,2975,2295,680,575,2340,51.6,18.7,626,915,300836,370397,645,8.5,38,702,742,1865956810.188,257956.7188,,567,,
1410,Revelstoke,5 Rural Hub,8085,141,Revelstoke,14,Thompson Cariboo Shuswap,14 TC,1,Interior,1 IHA,00100,00111,6.7,1000,3470,2675,800,730,2570,56.4,16.6,993,1126,358789,378990,905,19.900000000000002,41.4,973,1020,9320321072.8857,663703.5062,,568,,
1420,Salmon Arm,4 Small Urban,33648,142,Salmon Arm,14,Thompson Cariboo Shuswap,14 TC,1,Interior,1 IHA,00000,00000,5.8,7.7,14085,11190,2895,2500,11340,51.2,15.200000000000001,693,972,359528,388615,2765,11.6,42.6,849,909,3155966665.0802,430761.5409,,569,,
1431,Kamloops Centre North,3 Medium Urban,44714,143,Kamloops,14,Thompson Cariboo Shuswap,14 TC,1,Interior,1 IHA,00000,00001,5,6.2,16960,12845,4120,3665,11905,63,14.6,1110,1151,348375,344609,5085,11.4,47.1,934,983,252483174.1632,123462.2953,,570,,
1432,Kamloops Centre South,3 Medium Urban,48587,143,Kamloops,14,Thompson Cariboo Shuswap,14 TC,1,Interior,1 IHA,00000,00000,5.4,5.3,19735,15410,4320,3680,14515,61.1,13.1,1251,1312,400070,427945,5230,11.3,46.4,1003,1078,204491474.3041,96549.1152,,571,,
1433,Lower Thompson,6 Rural,19986,143,Kamloops,14,Thompson Cariboo Shuswap,14 TC,1,Interior,1 IHA,00100,00111,7.3,11.4,7840,6415,1425,1205,6755,52.6,16.1,647,928,300529,365182,1090,11.5,31.2,826,877,16047756358.1212,977252.4909,,572,,
1440,100 Mile House,6 Rural,14112,144,100 Mile House,14,Thompson Cariboo Shuswap,14 TC,1,Interior,1 IHA,00100,00101,7.2,8.9,6115,4935,1180,960,5105,46.6,15,501,761,259838,304434,1015,11.3,40.6,780,781,10958620647.2314,526338.2263,,573,,
1450,North Thompson,6 Rural,4050,145,North Thompson,14,Thompson Cariboo Shuswap,14 TC,1,Interior,1 IHA,00100,00111,7,13.8,1790,1510,275,255,1450,46.7,12.8,525,749,239743,282545,345,13,27.5,703,742,12521049955.6331,722793.12,,574,,
1461,West Cariboo,7 Remote,2650,146,Cariboo/Chilcotin,14,Thompson Cariboo Shuswap,14 TC,1,Interior,1 IHA,00100,00111,8.9,10.6,565,500,65,60,470,37.2,9.8,356,553,199956,220791,100,0,19,788,745,32371360022.2514,1175618.2976,,748,,
1462,Williams Lake/East Cariboo,6 Rural,22165,146,Cariboo/Chilcotin,14,Thompson Cariboo Shuswap,14 TC,1,Interior,1 IHA,00100,00101,5.6000000000000005,6.4,8780,7500,1280,1080,6580,54.6,8.700000000000001,709,898,249989,269420,2225,13.700000000000001,32.2,808,833,12026693305.3462,771677.722,,575,,
1470,Lillooet,6 Rural,4012,147,Lillooet,14,Thompson Cariboo Shuswap,14 TC,1,Interior,1 IHA,01100,01111,10.8,11.200000000000001,1380,1070,310,245,1080,43.1,14.4,511,789,225045,312646,305,15,50,669,672,7422414334.5905,640148.492,,576,,
1480,South Cariboo,6 Rural,6548,148,South Cariboo,14,Thompson Cariboo Shuswap,14 TC,1,Interior,1 IHA,00100,00111,9.4,13.4,2330,1960,365,315,1875,42.9,10.9,446,671,200477,238811,460,11,36.7,627,679,9317383195.8693,869558.4379,,577,,
1490,Merritt,6 Rural,10855,149,Merritt,14,Thompson Cariboo Shuswap,14 TC,1,Interior,1 IHA,00100,00111,8.5,12.3,4005,3100,905,790,2860,57.9,14.700000000000001,818,998,288799,308239,1140,14,43,804,854,6557638740.3674,546800.7396,,578,,
2110,Hope,5 Rural Hub,8129,211,Hope,21,Fraser East,21 FE,2,Fraser,2 FHA,00100,00111,9.4,14.9,3465,2575,885,795,2610,48.9,19.3,582,844,279371,295257,855,9.9,43.9,766,823,5292466949.705,623144.8274,,579,,
2121,South Chilliwack,3 Medium Urban,51241,212,Chilliwack,21,Fraser East,21 FE,2,Fraser,2 FHA,00000,00000,4.4,4.9,17210,13725,3490,3065,14075,65.8,15.700000000000001,1244,1281,448924,462974,3165,5.7,40.6,1007,1131,1143943320.2802,192715.3207,,580,,
2122,North Chilliwack,3 Medium Urban,41936,212,Chilliwack,21,Fraser East,21 FE,2,Fraser,2 FHA,00000,00000,5.5,5.7,16485,11650,4835,4290,10725,64,18.8,1035,1118,348649,382825,5775,11.9,48.800000000000004,828,923,164595160.0374,96335.529,,581,,
2131,Central Abbotsford,2 Large Urban,22754,213,Abbotsford,21,Fraser East,21 FE,2,Fraser,2 FHA,00000,00001,7.4,6.5,9820,6595,3220,2775,4875,67.2,19.7,1044,1135,299201,349128,4950,10.8,45.9,850,912,8813804.4359,17201.0634,,582,,
2132,East Abbotsford,2 Large Urban,35584,213,Abbotsford,21,Fraser East,21 FE,2,Fraser,2 FHA,00000,00000,2.7,4.8,11850,9755,2100,1805,10280,68.4,15.3,1594,1600,552536,591908,1590,3.8000000000000003,33.2,1025,1177,83146726.9956,52270.8349,,583,,
2133,West Abbotsford,2 Large Urban,58511,213,Abbotsford,21,Fraser East,21 FE,2,Fraser,2 FHA,00000,00000,3.5,4.5,19680,14800,4880,4295,13625,62.800000000000004,19.7,1083,1227,401378,439994,6070,9.8,36.2,851,942,20170544.0288,23982.8601,,584,,
2134,Abbotsford Rural,6 Rural,24836,213,Abbotsford,21,Fraser East,21 FE,2,Fraser,2 FHA,00000,00000,4.3,4.2,6560,4880,1680,1455,4535,65.6,22.900000000000002,1488,1625,649569,758085,2035,4.4,31.7,933,1018,299722444.7068,139316.271,,585,,
2141,South Mission,3 Medium Urban,26303,214,Mission,21,Fraser East,21 FE,2,Fraser,2 FHA,00000,00001,4.9,7.3,9530,6815,2710,2390,7070,73.60000000000001,23.1,1506,1438,424912,452638,2475,14.4,44.1,850,973,28671336.5465,32503.481,,740,,
2142,North Mission,6 Rural,16854,214,Mission,21,Fraser East,21 FE,2,Fraser,2 FHA,00100,00101,6.3,8.2,5175,3755,1420,1140,4255,66.6,25.7,1604,1591,598796,630700,935,5.9,35.300000000000004,1032,1086,1425939248.4358,279318.6528,,586,,
2150,Agassiz/Harrison,5 Rural Hub,9696,215,Agassiz/Harrison,21,Fraser East,21 FE,2,Fraser,2 FHA,01100,01101,10.5,7.3,3105,2420,685,620,2465,53.300000000000004,16.2,697,973,370009,404563,640,14,44.5,803,882,4111864553.8425,483999.2917,,587,,
2210,New Westminster,1 Metropolitan,70996,221,New Westminster,22,Fraser North,22 FN,2,Fraser,2 FHA,00000,00000,5,5,32665,22450,10220,8600,18330,67,24.2,1406,1521,470537,635451,14365,11.6,40.300000000000004,956,1045,18593024.0562,21787.8729,,588,,
2221,Burnaby Northwest,1 Metropolitan,47161,222,Burnaby,22,Fraser North,22 FN,2,Fraser,2 FHA,00000,00001,4.5,6.4,19280,13290,5995,4605,13170,53.5,25.5,1161,1478,1000444,1038984,6150,8.4,43,1151,1245,16199743.6234,18837.0018,,589,,
2222,Burnaby Northeast,1 Metropolitan,45434,222,Burnaby,22,Fraser North,22 FN,2,Fraser,2 FHA,00000,00001,3.6,5.9,18170,12015,6160,4300,11095,55.7,24.3,1179,1469,649782,962131,7105,14.4,48.800000000000004,1237,1256,29838326.9181,23220.2908,,590,,
2223,Burnaby Southwest,1 Metropolitan,81414,222,Burnaby,22,Fraser North,22 FN,2,Fraser,2 FHA,00000,00001,4,6,32845,20325,12520,9120,19270,52.800000000000004,32.6,1104,1449,779248,944102,13645,13.4,45.9,1040,1143,31029715.6741,26467.7645,,591,,
2224,Burnaby Southeast,1 Metropolitan,58746,222,Burnaby,22,Fraser North,22 FN,2,Fraser,2 FHA,00000,00000,4.5,5,21730,14290,7435,5825,13680,60.5,29.900000000000002,1361,1549,699232,909538,8085,20.400000000000002,41.5,992,1086,14893187.4234,19750.7782,,592,,
2231,Haney,1 Metropolitan,30824,223,Maple Ridge/Pitt Meadows,22,Fraser North,22 FN,2,Fraser,2 FHA,00000,00000,4.8,6.2,12885,9240,3645,3265,9235,68.4,21.7,1350,1366,449332,462651,3675,16.1,44.9,911,992,13455006.7147,18866.792,,593,,
2232,Pitt Meadows,1 Metropolitan,18835,223,Maple Ridge/Pitt Meadows,22,Fraser North,22 FN,2,Fraser,2 FHA,00000,00000,3.7,4.8,7110,5695,1415,1205,5505,67.2,15.5,1478,1499,598662,601436,1610,12.700000000000001,34.7,1103,1152,96398466.0821,57185.701,,594,,
2233,Maple Ridge Rural,1 Metropolitan,51442,223,Maple Ridge/Pitt Meadows,22,Fraser North,22 FN,2,Fraser,2 FHA,00000,00000,3.5,5.1000000000000005,17125,13460,3665,3155,14750,72.3,19,1763,1746,650573,698255,2415,9.3,36.2,1101,1233,1350624168.2832,329411.1598,,595,,
2241,North Coquitlam,1 Metropolitan,40842,224,Tri-Cities,22,Fraser North,22 FN,2,Fraser,2 FHA,00000,00000,3,3.7,13360,8840,4515,3495,10930,70.4,30.900000000000002,1815,1871,897029,952975,2465,7.3,47,1347,1423,606626922.7555,119676.55,,596,,
2242,Southwest Coquitlam,1 Metropolitan,70406,224,Tri-Cities,22,Fraser North,22 FN,2,Fraser,2 FHA,00000,00000,3.9,4.7,27070,18280,8785,6800,18555,58.6,25,1249,1458,802115,835372,8605,12.1,48.5,1143,1199,24633068.6412,30432.9642,,597,,
2243,Southeast Coquitlam,1 Metropolitan,28129,224,Tri-Cities,22,Fraser North,22 FN,2,Fraser,2 FHA,00000,00000,3.9,4.9,10775,7750,3020,2520,7300,60.5,21.7,1223,1446,850731,816349,3485,10.6,41.4,983,1114,18852966.0655,22525.7266,,745,,
2244,Port Coquitlam,1 Metropolitan,58612,224,Tri-Cities,22,Fraser North,22 FN,2,Fraser,2 FHA,00000,00000,3.9,3.7,21715,16245,5475,4780,16705,70.4,20.6,1480,1513,681362,651152,5020,17.6,40.300000000000004,1033,1147,34542450.5218,30541.3808,,598,,
2245,Port Moody/Anmore/Belcarra,1 Metropolitan,36404,224,Tri-Cities,22,Fraser North,22 FN,2,Fraser,2 FHA,00000,00000,3.3000000000000003,4.6000000000000005,13875,10475,3400,2750,10590,65.2,21.1,1582,1731,801845,931411,3335,9.9,35.2,1373,1334,61139113.6087,58685.7399,,599,,
2311,City of Langley,1 Metropolitan,25888,231,Langley,23,Fraser South,23 FS,2,Fraser,2 FHA,00000,00001,4.7,6.1000000000000005,11840,8155,3685,3350,7335,70.10000000000001,21.5,1209,1294,341626,440443,4500,21.900000000000002,46.7,930,960,10221993.7729,14369.609100000001,,600,,
2312,Walnut Grove/Fort Langley,1 Metropolitan,29587,231,Langley,23,Fraser South,23 FS,2,Fraser,2 FHA,00000,00000,3.9,5.4,10550,8700,1855,1545,9340,63,15.4,1456,1561,656449,722577,1255,5.6000000000000005,34,1252,1307,43589161.1066,27691.0177,,739,,
2313,Willoughby,1 Metropolitan,31567,231,Langley,23,Fraser South,23 FS,2,Fraser,2 FHA,00000,00000,3.5,5.2,10945,7980,2965,2485,8930,80.60000000000001,23.7,1693,1759,529619,638580,2030,4.7,42,1276,1453,21911902.4087,20111.5472,,601,,
2314,Brookswood/Murrayville,1 Metropolitan,22090,231,Langley,23,Fraser South,23 FS,2,Fraser,2 FHA,00000,00000,4.7,5.5,8265,6665,1595,1390,7010,56.9,15.1,1122,1415,766606,740009,1255,10.3,42.9,1145,1316,23448325.0395,35429.6073,,602,,
2315,Aldergrove/Otter,4 Small Urban,13204,231,Langley,23,Fraser South,23 FS,2,Fraser,2 FHA,00000,00001,4.2,6.6000000000000005,4800,3625,1170,1030,3585,69.2,19.400000000000002,1346,1367,499844,497494,1210,17.400000000000002,39.300000000000004,901,995,16397279.6393,27414.4018,,603,,
2316,North Langley Township,6 Rural,12653,231,Langley,23,Fraser South,23 FS,2,Fraser,2 FHA,00000,00001,4.2,7.5,3930,3035,895,780,3235,54.2,20.400000000000002,1271,1673,1001947,1141270,715,3.5,34.5,1010,1154,109695330.0471,49370.3892,,604,,
2317,South Langley Township,6 Rural,8789,231,Langley,23,Fraser South,23 FS,2,Fraser,2 FHA,00100,00101,3.9,5.7,2520,1825,685,565,1695,54,22.400000000000002,1301,1838,1253169,1423647,825,6.1000000000000005,37,1113,1205,102091389.6771,55701.2854,,605,,
2321,North Delta,1 Metropolitan,56017,232,Delta,23,Fraser South,23 FS,2,Fraser,2 FHA,00000,00000,2.9,4.1,17650,13590,4060,3555,13840,62.5,20.1,1507,1507,801173,821248,3825,10.1,33.6,1019,1167,21101311.072,24182.622900000002,,606,,
2322,Ladner,4 Small Urban,24822,232,Delta,23,Fraser South,23 FS,2,Fraser,2 FHA,00000,00000,4.5,4.6000000000000005,9315,7490,1825,1575,7235,53.800000000000004,14.5,1107,1414,898891,883316,2090,15.1,37.1,1056,1173,158547045.7908,96600.1851,,738,,
2323,Tsawwassen,4 Small Urban,22225,232,Delta,23,Fraser South,23 FS,2,Fraser,2 FHA,00000,00000,3.2,6.6000000000000005,8630,6735,1890,1585,7005,50.9,16.8,1053,1554,1153319,1159315,1630,6.1000000000000005,43.9,1133,1416,20318477.5953,32056.5467,,607,,
2331,Whalley,1 Metropolitan,53402,233,Surrey,23,Fraser South,23 FS,2,Fraser,2 FHA,00100,00101,5.3,9,15210,10865,4355,3865,9965,69.7,26,1552,1558,696645,672335,5260,9.4,33.4,803,960,22339532.744,39229.8868,,744,,
2332,North Surrey,1 Metropolitan,51161,233,Surrey,23,Fraser South,23 FS,2,Fraser,2 FHA,00100,00101,6.4,8.9,19540,12575,6955,5725,9615,72.9,30.3,1291,1416,500330,561284,9935,11.700000000000001,40.7,936,979,18644241.5492,19507.3309,,608,,
2333,Cloverdale,1 Metropolitan,69963,233,Surrey,23,Fraser South,23 FS,2,Fraser,2 FHA,00000,00000,3.3000000000000003,4.7,23925,18630,5295,4690,18980,75.10000000000001,18.7,1631,1682,675249,703036,4955,6.6000000000000005,35.5,1004,1191,71475583.3274,47914.1095,,609,,
2334,Panorama,1 Metropolitan,45391,233,Surrey,23,Fraser South,23 FS,2,Fraser,2 FHA,00100,00101,4.9,5.7,13490,9980,3515,3105,10760,73.60000000000001,24.900000000000002,1793,1798,752201,794253,2735,7.3,30.5,849,1084,39399730.1579,36221.2985,,610,,
2335,East Newton,1 Metropolitan,62748,233,Surrey,23,Fraser South,23 FS,2,Fraser,2 FHA,00100,00101,4.3,6.9,18390,12765,5620,5035,11785,71.7,28.1,1650,1673,697700,665487,6610,13.3,35,770,907,21896300.7239,26610.4482,,611,,
2336,Fleetwood,1 Metropolitan,58701,233,Surrey,23,Fraser South,23 FS,2,Fraser,2 FHA,00000,00000,4,4.6000000000000005,17650,13025,4625,4090,13640,67.7,23.400000000000002,1560,1559,698416,697671,4020,7.6000000000000005,35.5,824,1023,15825268.7634,21391.0246,,612,,
2337,Guildford,1 Metropolitan,60538,233,Surrey,23,Fraser South,23 FS,2,Fraser,2 FHA,00000,00001,3.8000000000000003,6.3,20350,14120,6225,5200,14210,66.7,25.2,1343,1479,650512,689579,6140,12.200000000000001,43.1,961,1052,52998991.2075,38740.6917,,613,,
2338,West Newton,1 Metropolitan,41463,233,Surrey,23,Fraser South,23 FS,2,Fraser,2 FHA,00100,00101,3.8000000000000003,7.1000000000000005,12030,8350,3685,3350,7555,77,29.8,1536,1603,499808,581308,4480,15.6,32.1,750,881,9807623.9913,15988.8811,,614,,
2341,South Surrey,3 Medium Urban,74816,234,South Surrey/White Rock,23,Fraser South,23 FS,2,Fraser,2 FHA,00000,00000,4.3,5.2,28990,21450,7530,5540,24195,54,22.5,1228,1637,900033,1072169,4870,13.3,43.4,1350,1489,81268411.9911,52570.0658,,615,,
2342,White Rock,3 Medium Urban,19952,234,South Surrey/White Rock,23,Fraser South,23 FS,2,Fraser,2 FHA,00000,00001,5.9,8.4,9975,6855,3120,2605,6795,48.9,22.7,946,1361,600196,861236,3215,10,49.5,1010,1224,5124130.1431,12377.3442,,616,,
3111,Richmond City Centre,1 Metropolitan,54587,311,Richmond,31,Richmond,31 RICH,3,Vancouver Coastal,3 VCHA,00000,00000,4.2,4.6000000000000005,23855,13110,10740,7375,16305,60.6,40.1,1182,1236,449359,512602,7650,13.6,55.5,1297,1306,9797090.5683,16676.1544,,617,,
3112,Blundell,1 Metropolitan,17729,311,Richmond,31,Richmond,31 RICH,3,Vancouver Coastal,3 VCHA,00000,00000,2.9,4.7,5860,3755,2105,1505,4570,50.300000000000004,32.5,1103,1707,1395245,1452483,1295,37.1,47.9,1004,1152,4596635.273,9842.686,,618,,
3113,Broadmoor,1 Metropolitan,23478,311,Richmond,31,Richmond,31 RICH,3,Vancouver Coastal,3 VCHA,00000,00000,2.8000000000000003,4.1,7910,5145,2760,1915,6195,52.5,32.3,1083,1673,1099093,1281652,1735,11,44.5,1290,1423,6020769.3622,9811.1879,,619,,
3114,Thompson/Seafair,1 Metropolitan,32171,311,Richmond,31,Richmond,31 RICH,3,Vancouver Coastal,3 VCHA,00000,00000,2.8000000000000003,3.7,11360,7465,3895,2755,8870,52.6,31.7,1084,1645,1201001,1304758,2535,11.9,43.1,1249,1424,30074288.663,55225.9986,,737,,
3115,Steveston,1 Metropolitan,24774,311,Richmond,31,Richmond,31 RICH,3,Vancouver Coastal,3 VCHA,00000,00000,3.3000000000000003,2.7,9335,7095,2245,1875,7530,52.9,19.8,1023,1477,1001474,1053595,1810,26.6,41.800000000000004,1278,1353,7704132.467,14857.3479,,620,,
3116,East and West Cambie/Bridgepor,1 Metropolitan,24621,311,Richmond,31,Richmond,31 RICH,3,Vancouver Coastal,3 VCHA,00000,00000,2.8000000000000003,4.2,8110,5455,2655,2095,6025,64.4,31,1455,1525,699573,838858,2095,17.1,37.800000000000004,1296,1317,18184416.6073,20488.6814,,621,,
3117,Gilmore/Shellmont/East/Hamilto,1 Metropolitan,20949,311,Richmond,31,Richmond,31 RICH,3,Vancouver Coastal,3 VCHA,00000,00000,4.1,6.1000000000000005,6755,4900,1855,1500,4980,62.300000000000004,24.900000000000002,1424,1577,949046,1044429,1780,2.5,34.6,1363,1376,75351513.5376,53015.3477,,746,,
3211,Downtown Vancouver,1 Metropolitan,41934,321,Vancouver - City Centre,32,Vancouver,32 VAN,3,Vancouver Coastal,3 VCHA,00100,00101,6.8,8.2,24285,13630,10655,7390,10905,63.7,37,1654,1902,729548,1025769,13480,15.5,49.5,1683,1693,2232441.3025,11898.3743,,622,,
3212,West End,1 Metropolitan,47203,321,Vancouver - City Centre,32,Vancouver,32 VAN,3,Vancouver Coastal,3 VCHA,00100,00101,5.7,6.9,30755,16920,13835,10575,6130,50.4,27.2,1119,1369,501546,670773,24685,8,49.4,1254,1308,6082951.3923,14997.3302,,623,,
3213,Fairview,1 Metropolitan,32904,321,Vancouver - City Centre,32,Vancouver,32 VAN,3,Vancouver Coastal,3 VCHA,00000,00000,5.6000000000000005,5.6000000000000005,19110,12725,6385,5020,7955,53.4,23.5,1217,1485,648967,762850,11205,9.5,40.5,1260,1342,3271894.5916,10340.380000000001,,624,,
3221,Downtown Eastside,1 Metropolitan,19960,322,Vancouver - Centre North,32,Vancouver,32 VAN,3,Vancouver Coastal,3 VCHA,01200,01211,19.7,13.5,10145,5125,5020,4275,2100,76.10000000000001,33.8,1726,1774,601481,753781,8070,54.7,53.6,502,787,3508907.6683,14395.7726,,625,,
3222,Northeast False Creek,1 Metropolitan,12392,322,Vancouver - Centre North,32,Vancouver,32 VAN,3,Vancouver Coastal,3 VCHA,00100,00101,8.700000000000001,8.2,6330,3720,2615,1835,3105,70.2,33.9,1703,1804,649200,743003,3230,6,48.300000000000004,1769,1859,919522.3716,5530.7901,,626,,
3223,Grandview-Woodland,1 Metropolitan,29180,322,Vancouver - Centre North,32,Vancouver,32 VAN,3,Vancouver Coastal,3 VCHA,00100,00101,4.8,6.1000000000000005,15035,9755,5275,4425,5455,63.300000000000004,22.3,1323,1555,880109,899002,9580,22.3,42.4,989,1041,4557770.7663,12994.4645,,627,,
3231,Cedar Cottage,1 Metropolitan,18027,323,Vancouver - Northeast,32,Vancouver,32 VAN,3,Vancouver Coastal,3 VCHA,00000,00001,4.5,5.2,6890,4830,2060,1655,3340,58.800000000000004,24.3,1399,1638,1154148,1162316,3570,16.2,35.2,1039,1149,3049036.5028,8285.0296,,628,,
3232,Hastings-Sunrise,1 Metropolitan,34575,323,Vancouver - Northeast,32,Vancouver,32 VAN,3,Vancouver Coastal,3 VCHA,00000,00001,4,5.8,12715,8915,3800,3250,7515,49,22.6,896,1477,1249900,1266054,5215,17.400000000000002,40.2,1002,1103,7954533.9471,12880.934000000001,,629,,
3233,Renfrew-Collingwood,1 Metropolitan,51292,323,Vancouver - Northeast,32,Vancouver,32 VAN,3,Vancouver Coastal,3 VCHA,00000,00001,3.9,7.5,18755,12540,6215,5115,10990,52.5,28,1001,1390,1196108,1100460,7790,14,40.5,1094,1106,8093470.0029,12480.0849,,630,,
3241,Shaughnessy/Arbutus Ridge/Kerr,1 Metropolitan,37993,324,Vancouver - Westside,32,Vancouver,32 VAN,3,Vancouver Coastal,3 VCHA,00000,00001,4.3,5.2,14530,8690,5840,3855,9765,40.2,35.2,1454,2326,3000184,2816752,4860,5.5,50.2,1414,1635,15780256.2641,21002.3878,,631,,
3242,West Point Grey/Dunbar-Southla,1 Metropolitan,34483,324,Vancouver - Westside,32,Vancouver,32 VAN,3,Vancouver Coastal,3 VCHA,00000,00000,3.8000000000000003,5.1000000000000005,12275,7940,4340,2805,8790,40.800000000000004,29.5,1276,2276,3001780,2938512,3545,9.3,49.7,1402,1642,12496423.4626,25138.5848,,632,,
3243,University of British Columbia,1 Metropolitan,15890,324,Vancouver - Westside,32,Vancouver,32 VAN,3,Vancouver Coastal,3 VCHA,01200,01201,15.4,4.9,5935,2525,3410,1670,2760,51.6,47.7,1459,1869,850098,1237917,3250,14.3,65.7,1668,1747,14593560.0493,20531.455,,633,,
3244,Kitsilano,1 Metropolitan,42812,324,Vancouver - Westside,32,Vancouver,32 VAN,3,Vancouver Coastal,3 VCHA,00000,00001,4.8,5.6000000000000005,22760,14835,7925,5970,9865,53.1,23.6,1225,1734,946498,1319908,12980,6.3,43.4,1349,1474,5503065.7736,11270.3717,,634,,
3251,Kensington,1 Metropolitan,31755,325,Vancouver - Midtown,32,Vancouver,32 VAN,3,Vancouver Coastal,3 VCHA,00000,00001,3.8000000000000003,6.8,11105,7610,3490,2980,6690,54.300000000000004,26.5,1208,1577,1272589,1240366,4440,3.5,39.1,1097,1176,4273111.3881,8773.7026,,635,,
3252,Mount Pleasant,1 Metropolitan,32807,325,Vancouver - Midtown,32,Vancouver,32 VAN,3,Vancouver Coastal,3 VCHA,00100,00101,6.3,6.9,17850,11660,6190,5175,7005,73.3,25.400000000000002,1593,1732,599807,798593,10890,9.1,40.7,1165,1291,4473051.5782,8907.2639,,636,,
3253,South Cambie/Riley Park,1 Metropolitan,31246,325,Vancouver - Midtown,32,Vancouver,32 VAN,3,Vancouver Coastal,3 VCHA,00000,00000,4.6000000000000005,5.6000000000000005,12325,8640,3685,3015,7205,52,23,1265,1836,1600990,1719782,5135,6,39.5,1296,1395,7127838.2914,10796.9794,,637,,
3261,Killarney,1 Metropolitan,29561,326,Vancouver - South,32,Vancouver,32 VAN,3,Vancouver Coastal,3 VCHA,00000,00000,3.3000000000000003,4.8,10730,7815,2910,2450,6400,53.800000000000004,23.5,1097,1424,946945,1095584,4345,29,32.5,1081,1094,6952544.6181,11700.233,,638,,
3262,Oakridge/Marpole,1 Metropolitan,37453,326,Vancouver - South,32,Vancouver,32 VAN,3,Vancouver Coastal,3 VCHA,00000,00001,4.2,6.2,15845,9330,6510,4685,7565,43,33.7,1136,1785,1899359,1991502,8340,12.200000000000001,47.9,1008,1200,10025941.1297,13960.3806,,639,,
3263,Sunset,1 Metropolitan,36496,326,Vancouver - South,32,Vancouver,32 VAN,3,Vancouver Coastal,3 VCHA,00000,00001,3.5,7.1000000000000005,11570,7740,3835,3200,6185,51.1,29.3,1121,1669,1500134,1456880,5410,8.5,37.7,1000,1112,6346724.3403,10284.4124,,640,,
3264,Victoria-Fraserview,1 Metropolitan,31065,326,Vancouver - South,32,Vancouver,32 VAN,3,Vancouver Coastal,3 VCHA,00000,00000,4.1,5.3,10165,7255,2915,2385,6200,43.7,23.6,833,1456,1499725,1441615,3970,16.5,36.5,950,1064,5418908.9334,9756.650300000001,,641,,
3311,North Vancouver City - East,1 Metropolitan,19230,331,North Vancouver,33,North Shore/Coast Garibaldi,33 NSCG,3,Vancouver Coastal,3 VCHA,00000,00001,4.6000000000000005,7.4,7595,5165,2430,1975,4410,59.4,23.2,1512,1828,1148834,1182215,3210,8.6,44.300000000000004,1223,1413,6298213.7591,16913.1913,,642,,
3312,North Vancouver City - West,1 Metropolitan,34244,331,North Vancouver,33,North Shore/Coast Garibaldi,33 NSCG,3,Vancouver Coastal,3 VCHA,00000,00000,4.9,6.3,17000,10625,6380,5270,8615,62.300000000000004,28.7,1354,1536,550514,710543,8405,11.1,46.6,1223,1310,5839989.646,11393.9727,,643,,
3313,North Vancouver DM - Central,1 Metropolitan,29808,331,North Vancouver,33,North Shore/Coast Garibaldi,33 NSCG,3,Vancouver Coastal,3 VCHA,00000,00000,3.5,4,10575,7810,2765,2300,8180,57.1,20.900000000000002,1597,1978,1299630,1305076,2415,14.700000000000001,43.7,1368,1504,28654541.7632,31264.1298,,644,,
3314,North Vancouver DM - East,1 Metropolitan,29271,331,North Vancouver,33,North Shore/Coast Garibaldi,33 NSCG,3,Vancouver Coastal,3 VCHA,00000,00000,3.7,4.3,9890,7650,2245,1890,7895,56,19.400000000000002,1501,1852,1139539,1213603,2005,20,35.5,1449,1493,343925728.067,109541.5254,,645,,
3315,North Vancouver DM - West,1 Metropolitan,28839,331,North Vancouver,33,North Shore/Coast Garibaldi,33 NSCG,3,Vancouver Coastal,3 VCHA,00000,00000,3.2,4.3,10585,7335,3250,2515,8385,53.800000000000004,25.3,1395,2085,1507036,1602648,2230,9,51.1,1503,1697,32078473.7216,33150.9844,,646,,
3321,West Vancouver - Lower,1 Metropolitan,19412,332,West Vancouver/Bowen Island,33,North Shore/Coast Garibaldi,33 NSCG,3,Vancouver Coastal,3 VCHA,00000,00000,6.1000000000000005,5.5,7610,4365,3245,2460,4670,40.1,30.7,1076,1970,1894112,1941067,2990,16.9,61.300000000000004,1524,1696,7543303.2878,16211.3518,,647,,
3322,West Vancouver - Upper,1 Metropolitan,25992,332,West Vancouver/Bowen Island,33,North Shore/Coast Garibaldi,33 NSCG,3,Vancouver Coastal,3 VCHA,00000,00001,3.3000000000000003,5.8,9215,6110,3105,1920,8000,45.9,31.2,1562,2547,2500865,2758027,1275,5.9,49.6,2160,2401,83010414.0607,48775.462,,749,,
