CH_SA_CODE,CH_SA_NAME,CHSRBRL_CL,CHSPOP_CEN,HLT_A_CODE,HLT_A_NAME,HSD_A_CODE,HSD_A_NAME,HSDA_ID,HAUTH_CODE,HAUTH_NAME,HAUTH_ID,SH_FRM_DQF,LG_FRM_DFQ,SH_FRM_GNR,LG_FRM_GNR,HHI_ST_TTL,HI_AVG_T,HHMDN_T_IN,H_VRG_T_NE,H_MDN_T_NE,HHI_ST_1PT,HI_AVG_1PT,HHMDN_T_1P,H_VRG_T_1E,H_MDN_T_1E,HHI_ST_2PT,HI_AVG_2PT,HHMDN_T_2P,H_VRG_T_2E,H_MDN_T_2E,H_TTL_NCMS,H_G_NDR_5L,H_G_5000_L,HHI_14999T,HHI_19999T,HHI_24999T,H_G_25000L,H_G_30000L,H_G_35000L,H_G_40000L,H_G_45000L,H_G_50000L,H_G_60000L,H_G_70000L,H_G_80000L,H_G_90000L,HHI_100KPT,HHI_125KTL,H_G_12500L,HHI_150KPT,HHI_200KPT,H_TTL_T_NP,H_T_G_NDRL,HHI_9999_T,HI_14999_T,HI_19999_T,H_T_G_200L,H_T_G_250L,H_T_G_300L,H_T_G_350L,H_T_G_400L,H_T_G_450L,HI_59999_T,H_T_G_600L,H_T_G_700L,H_T_G_800L,H_T_G_900L,HI_100KP_T,HI_125K_T,H_T_G_125L,HI_150KP_T,FEAT_AREA,FEAT_LEN,SHAPE,OBJECTID,X,Y
1110,Fernie,5 Rural Hub,15531,111,Fernie,11,East Kootenay,11 EK,1,Interior,1 IHA,00100,00111,7.3,11.700000000000001,6600,105952,98193,85551,79625,1790,58654,44633,47986,39012,4810,123540,112104,99520,92774,6595,25,85,140,220,240,180,195,170,215,185,390,345,325,305,360,3215,1090,745,795,580,6600,25,95,130,215,325,165,220,245,215,275,405,480,530,555,550,2165,950,525,690,8043799485.9054,685419.3675,,539,,
1120,Cranbrook,4 Small Urban,26248,112,Cranbrook,11,East Kootenay,11 EK,1,Interior,1 IHA,00000,00000,4.4,5.9,11040,87920,72666,73859,63109,2920,40868,32927,35131,29363,8115,104872,90295,87812,77661,11035,110,125,270,420,460,445,520,455,475,400,890,785,690,715,635,3640,1235,830,965,615,11040,110,135,290,430,520,575,600,450,555,525,1025,910,935,700,670,2605,1140,630,840,4473711790.7576,488686.1584,,540,,
1130,Kimberley,6 Rural,9178,113,Kimberley,11,East Kootenay,11 EK,1,Interior,1 IHA,00000,00001,6.6000000000000005,9.6,4130,79941,69465,67618,60527,1280,44769,36354,38297,32771,2850,95691,87211,80748,76069,4125,60,55,115,125,180,150,155,195,210,205,400,215,270,285,310,1185,410,380,255,135,4125,60,60,110,140,215,180,200,220,245,290,310,340,345,335,255,825,460,215,150,4345656023.4599,436184.1089,,541,,
1140,Windermere,6 Rural,9487,114,Windermere,11,East Kootenay,11 EK,1,Interior,1 IHA,00100,00111,9,10.6,4100,88290,73000,72721,64256,1060,48278,37250,39835,32090,3035,102247,86268,84193,74742,4095,75,25,45,125,195,110,165,195,195,135,340,330,360,255,275,1275,450,345,280,205,4100,90,35,40,130,210,175,200,175,250,175,445,425,335,265,230,920,450,235,230,10980524675.0368,718982.3125,,542,,
1150,Creston,6 Rural,12634,115,Creston,11,East Kootenay,11 EK,1,Interior,1 IHA,00000,00011,6.6000000000000005,10.1,5685,63867,51482,55836,47031,1780,34356,25607,30753,24529,3905,77331,64749,67280,59041,5685,75,70,235,340,395,315,310,365,365,280,540,465,395,330,175,1015,490,260,145,130,5685,75,65,240,360,445,350,440,360,380,330,635,445,410,290,180,685,400,135,150,3793889979.1517,326678.8118,,543,,
1160,Golden,6 Rural,6851,116,Golden,11,East Kootenay,11 EK,1,Interior,1 IHA,01100,01111,10.1,12.1,2955,81409,70667,68868,61131,855,42574,35848,36216,31680,2105,97165,86807,82115,75273,2955,70,15,85,125,140,90,125,145,110,100,230,225,225,245,185,835,320,225,180,110,2960,75,10,80,135,155,140,135,165,105,135,315,275,275,180,175,600,320,130,145,13347113916.0737,829108.7667,,544,,
1210,Kootenay Lake,6 Rural,3209,121,Kootenay Lake,12,Kootenay Boundary,12 KB,1,Interior,1 IHA,00100,00111,9.3,12.8,1585,69788,47490,58358,43568,540,34912,23523,30819,23395,1045,87789,59439,72572,53233,1585,40,30,70,115,100,110,110,95,80,75,180,110,80,85,60,250,85,80,40,40,1580,45,30,70,115,115,105,150,90,90,105,165,125,85,75,40,170,85,35,50,6543225318.256,610328.7058,,545,,
1220,Nelson,6 Rural,25523,122,Nelson,12,Kootenay Boundary,12 KB,1,Interior,1 IHA,00100,00101,6.5,9,11595,67886,53926,58373,48482,3910,36363,26111,31255,24631,7675,83953,72682,72196,64052,11595,225,240,550,705,765,595,545,630,605,525,960,825,755,605,500,2545,1090,545,635,275,11590,260,235,565,745,870,695,660,680,700,570,1080,890,775,625,570,1670,795,445,430,4809419391.8261,437073.2623,,546,,
1230,Castlegar,5 Rural Hub,13710,123,Castlegar,12,Kootenay Boundary,12 KB,1,Interior,1 IHA,00000,00001,6.2,7.8,5955,81534,71749,69011,61708,1710,43814,35918,37239,31968,4240,96737,89203,81817,76865,5950,60,45,190,235,250,245,270,305,250,255,425,395,375,435,340,1875,740,450,475,210,5950,60,45,205,230,305,270,350,365,250,285,510,440,565,400,405,1260,605,395,265,1942579333.075,287787.627,,547,,
1240,Arrow Lakes,6 Rural,4501,124,Arrow Lakes,12,Kootenay Boundary,12 KB,1,Interior,1 IHA,00100,00111,8.3,12.6,2245,59265,44194,50849,41441,805,34086,25555,28074,24711,1445,73221,63334,63471,56339,2245,40,70,85,155,185,130,230,150,100,115,155,180,125,85,95,360,140,100,75,45,2245,40,75,90,165,185,210,240,100,165,95,180,200,90,120,85,225,115,60,50,7391983570.7426,613575.3493,,548,,
1250,Trail,4 Small Urban,19367,125,Trail,12,Kootenay Boundary,12 KB,1,Interior,1 IHA,00000,00000,5.5,7.6000000000000005,8745,83528,69736,69715,60858,2830,43903,34831,36818,31094,5920,102475,90128,85445,76817,8745,105,55,300,340,430,360,375,410,375,360,635,635,660,480,510,2710,915,680,725,390,8745,115,60,295,370,515,425,480,430,445,385,805,805,670,575,445,1925,895,520,515,1131227623.9262,164639.1961,,549,,
1260,Grand Forks,6 Rural,8611,126,Grand Forks,12,Kootenay Boundary,12 KB,1,Interior,1 IHA,00100,00111,8.2,10.3,3940,65081,53253,56431,48167,1180,35597,26768,31180,25226,2760,77736,64762,67270,58102,3940,75,25,140,220,235,160,255,240,245,225,420,300,245,255,205,690,285,180,150,70,3940,80,25,150,225,255,205,315,310,250,255,440,305,305,185,170,465,235,130,95,2691952856.2349,312482.4028,,550,,
1270,Kettle Valley,6 Rural,3469,127,Kettle Valley,12,Kootenay Boundary,12 KB,1,Interior,1 IHA,00100,00111,8.6,12.5,1655,52477,40526,46204,37596,580,24056,19219,22020,19219,1075,67845,55838,59281,50190,1650,75,35,90,200,145,80,105,95,70,100,120,105,85,55,50,240,105,60,70,10,1655,75,35,90,205,140,110,120,120,105,90,115,120,55,90,45,155,80,55,15,4347280783.0131,366266.6272,,551,,
1310,Southern Okanagan,5 Rural Hub,19231,131,Southern Okanagan,13,Okanagan,13 OK,1,Interior,1 IHA,00000,00001,7.3,9.3,8830,69718,56199,60162,50195,2615,36263,28141,31827,26296,6220,83798,69033,72087,61873,8835,100,70,240,545,560,390,580,505,465,445,900,730,685,490,410,1715,755,345,340,275,8830,130,80,225,560,625,505,660,505,520,570,975,845,675,435,410,1115,500,240,380,1304340677.8849,173153.2533,,552,,
1320,Penticton,3 Medium Urban,41799,132,Penticton,13,Okanagan,13 OK,1,Interior,1 IHA,00000,00000,5.8,6.1000000000000005,19025,77537,57601,66100,51832,6420,38303,30101,33446,27340,12605,97525,76277,82735,67645,19025,155,220,755,960,1170,910,1095,1120,885,875,1780,1405,1345,1020,905,4420,1675,965,1025,750,19025,170,220,760,1005,1395,1045,1325,1125,1105,1000,1905,1615,1315,1040,890,3110,1345,800,970,1562864216.3755,253534.4729,,553,,
1330,Keremeos,6 Rural,5101,133,Keremeos,13,Okanagan,13 OK,1,Interior,1 IHA,00100,00111,9.1,11,2385,56571,42637,50009,38928,755,29394,23013,26467,22572,1630,69190,54024,60941,50160,2385,70,60,75,185,180,195,195,140,160,150,180,165,135,95,55,345,185,60,45,50,2390,75,60,80,185,205,215,195,215,195,85,200,175,125,85,85,220,115,45,55,2479925688.1227,296683.1271,,554,,
1340,Princeton,5 Rural Hub,4781,134,Princeton,13,Okanagan,13 OK,1,Interior,1 IHA,00100,00101,9,9.200000000000001,2315,71165,57649,60544,52031,780,39872,28911,34613,26464,1540,86974,78717,73644,67300,2315,10,30,70,145,170,105,180,130,75,105,155,145,155,115,155,575,235,170,130,35,2315,10,30,75,160,180,130,185,120,120,100,170,230,165,180,95,355,200,90,65,4826041529.5885,467807.2199,,555,,
1350,Armstrong/Spallumcheen,5 Rural Hub,10220,135,Armstrong/Spallumcheen,13,Okanagan,13 OK,1,Interior,1 IHA,00000,00001,5.2,7.5,4135,77055,66691,66544,59194,955,35639,27236,31142,26428,3180,89517,80463,77196,70501,4135,70,20,105,190,155,150,200,205,275,140,340,360,270,300,255,1110,440,260,295,105,4135,75,20,115,195,155,185,250,240,275,195,400,370,335,320,235,760,385,165,205,263752390.2774,98360.3053,,556,,
1361,Vernon Centre/Coldstream,3 Medium Urban,53266,136,Vernon,13,Okanagan,13 OK,1,Interior,1 IHA,00000,00000,4.6000000000000005,6.3,22740,82700,64792,69922,57665,6730,40028,30364,34478,27949,16010,100625,84930,84812,73958,22735,225,185,745,1125,1235,950,1085,1080,1065,1040,1835,1560,1405,1440,1200,6570,2390,1430,1515,1225,22735,240,190,770,1150,1360,1145,1360,1220,1275,1085,2045,1745,1815,1400,1155,4780,2125,1110,1545,190642475.5368,136916.5808,,557,,
1362,North Okanagan/Lumby,6 Rural,13583,136,Vernon,13,Okanagan,13 OK,1,Interior,1 IHA,00100,00101,6.8,7.4,5750,75221,62111,64456,55552,1340,39888,28929,34549,25841,4410,85961,73281,73547,64788,5750,120,80,155,265,290,215,285,315,235,330,475,500,410,350,315,1410,530,320,365,195,5750,125,85,155,285,345,230,370,305,375,320,605,510,435,355,295,970,440,280,250,5394877948.348,741132.9946,,558,,
1371,Central Okanagan Rural,5 Rural Hub,8720,137,Central Okanagan,13,Okanagan,13 OK,1,Interior,1 IHA,00000,00001,4.2,8.6,3805,87618,73826,73496,64830,850,49001,41590,41206,36221,2955,98727,84860,82785,74452,3810,40,60,65,120,165,115,95,160,165,190,315,295,290,250,215,1270,450,310,320,190,3810,45,65,70,120,165,115,185,225,185,180,395,365,305,230,245,910,440,230,240,2324374972.8776,516747.9375,,559,,
1372,West Kelowna,2 Large Urban,41482,137,Central Okanagan,13,Okanagan,13 OK,1,Interior,1 IHA,00000,00000,3.9,5.2,16590,94245,75352,78748,66090,3500,45426,34802,38533,31191,13095,107290,87960,89494,76584,16590,250,145,365,385,635,535,655,705,645,740,1235,1295,1290,1060,1050,5610,1830,1395,1320,1065,16590,255,160,375,410,695,630,865,765,805,755,1585,1575,1385,1090,980,4250,1885,1050,1320,127388754.0199,65230.7918,,560,,
1373,Lake Country,6 Rural,12922,137,Central Okanagan,13,Okanagan,13 OK,1,Interior,1 IHA,00000,00000,4.1,4.3,5095,101243,82944,83235,71977,1080,51872,39066,42561,34163,4015,114537,94450,94188,82099,5095,70,50,65,165,135,170,165,210,225,155,330,405,325,345,350,1945,595,430,515,400,5095,85,50,70,170,170,185,260,220,225,185,435,440,410,425,300,1460,565,415,480,162365503.0155,65673.963,,561,,
1374,Glenmore,2 Large Urban,33401,137,Central Okanagan,13,Okanagan,13 OK,1,Interior,1 IHA,00000,00000,4.1,5.7,13830,97236,81267,81105,70582,3300,51459,40733,42124,35775,10525,111587,97031,93326,84425,13825,195,185,195,390,485,385,445,470,500,580,1070,970,950,840,805,5365,1740,1375,1315,940,13830,245,170,200,390,565,450,570,615,605,625,1230,1180,1065,955,940,4025,1875,840,1310,125720266.9033,61602.4822,,562,,
1375,Downtown Kelowna,2 Large Urban,38661,137,Central Okanagan,13,Okanagan,13 OK,1,Interior,1 IHA,00100,00101,7.2,8.3,19635,67086,52623,57430,47029,8405,42398,32478,36256,29225,11230,85563,70665,73278,63222,19630,345,220,600,1135,1480,1175,1095,1145,1110,1025,1795,1585,1345,1055,890,3620,1470,855,765,535,19635,370,230,600,1205,1685,1355,1325,1405,1160,1120,2045,1635,1325,1000,715,2450,1150,640,660,38167043.8563,37159.505300000004,,563,,
2332,North Surrey,1 Metropolitan,51161,233,Surrey,23,Fraser South,23 FS,2,Fraser,2 FHA,00100,00101,6.4,8.9,19550,67486,57692,58995,51249,6420,39048,33459,33422,30274,13130,81390,72734,71499,64960,19550,685,380,880,925,850,950,1030,880,930,950,1700,1655,1390,1260,965,4125,1915,1030,815,360,19555,695,370,885,975,1005,1160,1155,1145,1115,1035,2015,1685,1365,1235,940,2780,1480,675,620,18644241.5492,19507.3309,,608,,
2333,Cloverdale,1 Metropolitan,69963,233,Surrey,23,Fraser South,23 FS,2,Fraser,2 FHA,00000,00000,3.3000000000000003,4.7,24025,106211,94302,88896,80591,4615,52814,45796,43981,39455,19410,118906,108574,99574,92158,24025,275,135,285,455,540,585,620,660,705,795,1695,1610,1490,1505,1490,11175,3515,2595,3155,1910,24025,285,140,290,460,655,710,755,885,940,985,2025,1820,1925,1855,1835,8465,3430,2350,2690,71475583.3274,47914.1095,,609,,
2334,Panorama,1 Metropolitan,45391,233,Surrey,23,Fraser South,23 FS,2,Fraser,2 FHA,00100,00101,4.9,5.7,13560,107219,94656,90745,82040,2090,50544,45172,41971,39774,11470,117539,104137,99626,89823,13560,165,110,220,260,265,280,315,395,375,430,905,965,825,920,895,6235,1955,1470,1600,1205,13560,175,125,225,285,265,365,400,450,540,490,1195,960,1090,1180,965,4840,1900,1225,1710,39399730.1579,36221.2985,,610,,
2335,East Newton,1 Metropolitan,62748,233,Surrey,23,Fraser South,23 FS,2,Fraser,2 FHA,00100,00101,4.3,6.9,18400,85741,72725,74802,64171,3375,36987,32328,32291,28794,15020,96701,84713,84359,75708,18400,295,240,475,610,730,620,710,785,690,825,1460,1340,1420,1130,1095,5980,2175,1355,1485,965,18400,305,250,475,630,860,680,890,865,990,905,1675,1560,1310,1320,1080,4610,1960,1135,1520,21896300.7239,26610.4482,,611,,
2336,Fleetwood,1 Metropolitan,58701,233,Surrey,23,Fraser South,23 FS,2,Fraser,2 FHA,00000,00000,4,4.6000000000000005,17665,95429,83323,82261,73335,2830,42939,35008,36682,31525,14835,105452,94334,90963,82743,17665,200,170,325,395,610,530,565,580,655,755,1290,1310,1010,1175,1010,7090,2440,1665,1880,1100,17665,220,180,310,425,660,610,650,700,970,755,1510,1385,1415,1180,1250,5455,2350,1345,1755,15825268.7634,21391.0246,,612,,
2337,Guildford,1 Metropolitan,60538,233,Surrey,23,Fraser South,23 FS,2,Fraser,2 FHA,00000,00001,3.8000000000000003,6.3,20415,87132,69995,74466,62289,3970,41328,34632,35519,31092,16445,98185,83564,83864,73611,20410,405,235,645,815,775,865,865,835,800,835,1595,1535,1205,1225,1150,6630,2280,1530,1575,1240,20410,420,235,660,830,870,1040,1010,925,1110,945,1775,1495,1635,1300,1210,4960,2060,1145,1755,52998991.2075,38740.6917,,613,,
2338,West Newton,1 Metropolitan,41463,233,Surrey,23,Fraser South,23 FS,2,Fraser,2 FHA,00100,00101,3.8000000000000003,7.1000000000000005,12040,78546,68935,69405,61486,2125,41338,36118,35757,32685,9910,86532,77017,76627,69334,12040,190,120,245,445,410,515,575,550,445,560,1130,960,975,855,765,3305,1345,825,795,345,12035,185,115,245,455,470,585,665,620,590,645,1255,1195,1015,875,640,2485,1210,610,665,9807623.9913,15988.8811,,614,,
2341,South Surrey,3 Medium Urban,74816,234,South Surrey/White Rock,23,Fraser South,23 FS,2,Fraser,2 FHA,00000,00000,4.3,5.2,29200,114227,85723,91104,73608,6780,55837,43030,45464,37703,22415,131885,103169,104907,88233,29200,580,315,590,900,920,875,995,1005,965,1050,1745,1910,1785,1680,1530,12350,3080,2500,3060,3705,29195,675,320,645,930,1095,1055,1165,1200,1180,1105,2260,2235,2085,1800,1595,9850,3430,2010,4415,81268411.9911,52570.0658,,615,,
2342,White Rock,3 Medium Urban,19952,234,South Surrey/White Rock,23,Fraser South,23 FS,2,Fraser,2 FHA,00000,00001,5.9,8.4,10005,89992,61865,74637,53425,4490,49282,39005,40620,34581,5515,123088,92641,102293,80426,10005,245,100,330,435,600,450,540,405,415,450,875,715,630,550,455,2825,765,625,730,710,10005,270,85,335,455,675,610,550,520,575,570,845,815,605,485,385,2215,815,530,870,5124130.1431,12377.3442,,616,,
3111,Richmond City Centre,1 Metropolitan,54587,311,Richmond,31,Richmond,31 RICH,3,Vancouver Coastal,3 VCHA,00000,00000,4.2,4.6000000000000005,23965,59628,47506,51754,43169,7655,38035,27563,32356,25586,16310,69766,58328,60862,52799,23970,1870,730,975,1600,1205,1540,1290,1200,1050,1195,1885,1615,1395,1225,1070,4125,1860,1010,830,425,23970,1900,740,985,1645,1370,1705,1490,1365,1255,1360,2065,1705,1490,1140,1035,2710,1470,655,585,9797090.5683,16676.1544,,617,,
3112,Blundell,1 Metropolitan,17729,311,Richmond,31,Richmond,31 RICH,3,Vancouver Coastal,3 VCHA,00000,00000,2.9,4.7,5865,91023,68605,76691,62370,925,36522,22385,31290,21997,4940,101233,77786,85196,70518,5865,150,80,225,265,275,285,230,240,225,150,465,410,400,255,315,1900,590,350,450,510,5865,195,80,235,260,295,350,230,260,235,210,495,460,395,320,330,1510,530,325,655,4596635.273,9842.686,,618,,
3113,Broadmoor,1 Metropolitan,23478,311,Richmond,31,Richmond,31 RICH,3,Vancouver Coastal,3 VCHA,00000,00000,2.8000000000000003,4.1,7930,87743,68303,74449,60431,1445,42664,36398,36426,32775,6485,97764,76756,82901,69214,7930,275,115,205,320,265,300,285,400,330,320,600,690,535,450,370,2465,765,500,700,510,7930,300,140,200,325,290,335,435,420,400,310,780,680,545,460,375,1945,720,540,680,6020769.3622,9811.1879,,619,,
3114,Thompson/Seafair,1 Metropolitan,32171,311,Richmond,31,Richmond,31 RICH,3,Vancouver Coastal,3 VCHA,00000,00000,2.8000000000000003,3.7,11400,98652,71060,81143,62985,2125,50061,39056,41983,34454,9280,109785,81670,90116,71836,11405,325,165,290,425,420,515,495,490,415,465,805,755,780,610,520,3920,1115,815,985,1005,11405,355,170,305,440,465,615,580,510,580,440,930,965,670,690,595,3090,1105,715,1275,30074288.663,55225.9986,,737,,
3115,Steveston,1 Metropolitan,24774,311,Richmond,31,Richmond,31 RICH,3,Vancouver Coastal,3 VCHA,00000,00000,3.3000000000000003,2.7,9345,106911,88985,87653,76637,2040,54833,43115,44926,37361,7305,121452,104904,99583,90029,9340,150,80,115,285,265,290,260,350,265,330,555,590,600,590,545,4060,1115,890,1200,860,9340,165,75,130,290,310,310,390,365,400,380,635,745,695,690,535,3220,1175,805,1240,7704132.467,14857.3479,,620,,
3116,East and West Cambie/Bridgepor,1 Metropolitan,24621,311,Richmond,31,Richmond,31 RICH,3,Vancouver Coastal,3 VCHA,00000,00000,2.8000000000000003,4.2,8120,85163,71212,73918,63628,1355,42798,35924,36483,32534,6765,93649,83631,81416,74140,8125,240,120,180,220,240,385,365,345,305,345,610,615,490,455,480,2725,965,685,695,380,8120,245,115,185,220,305,435,440,335,355,395,770,605,540,570,550,2060,935,495,630,18184416.6073,20488.6814,,621,,
3117,Gilmore/Shellmont/East/Hamilto,1 Metropolitan,20949,311,Richmond,31,Richmond,31 RICH,3,Vancouver Coastal,3 VCHA,00000,00000,4.1,6.1000000000000005,6830,100358,86532,84787,74182,1230,50363,40087,41274,36770,5595,111362,97431,94364,84770,6830,105,80,80,170,230,215,210,235,165,270,500,510,435,370,440,2810,845,695,710,565,6830,130,85,70,195,250,235,255,265,255,305,625,540,480,500,385,2260,980,530,750,75351513.5376,53015.3477,,746,,
3211,Downtown Vancouver,1 Metropolitan,41934,321,Vancouver - City Centre,32,Vancouver,32 VAN,3,Vancouver Coastal,3 VCHA,00100,00101,6.8,8.2,24385,103660,70810,80335,59660,12270,67029,48424,52414,41672,12115,140769,99594,108622,84756,24385,1490,610,1370,1115,850,685,780,680,750,920,1460,1395,1425,1320,1145,8405,2400,1750,1835,2420,24390,1580,630,1380,1180,970,855,875,955,1070,940,1845,1775,1680,1370,1245,6035,2145,1275,2615,2232441.3025,11898.3743,,622,,
3212,West End,1 Metropolitan,47203,321,Vancouver - City Centre,32,Vancouver,32 VAN,3,Vancouver Coastal,3 VCHA,00100,00101,5.7,6.9,30815,67432,51410,55795,44662,18065,48690,40424,40514,35432,12755,93978,74872,77438,65940,30815,1435,660,1505,2035,1730,1385,1475,1610,1545,1585,2765,2320,2185,1655,1365,5555,2235,1160,1205,955,30815,1465,685,1560,2095,1960,1730,2050,1985,2020,1715,2940,2615,1915,1510,1070,3495,1565,845,1080,6082951.3923,14997.3302,,623,,
3213,Fairview,1 Metropolitan,32904,321,Vancouver - City Centre,32,Vancouver,32 VAN,3,Vancouver Coastal,3 VCHA,00000,00000,5.6000000000000005,5.6000000000000005,19160,93593,69174,75599,58992,9840,61585,48227,49909,41627,9320,127397,103156,102731,87188,19160,585,420,625,775,780,635,680,690,765,795,1465,1475,1400,1170,920,5985,1690,1305,1505,1485,19160,630,410,650,815,885,775,850,965,1000,950,1855,1600,1380,1110,760,4530,1715,1145,1670,3271894.5916,10340.380000000001,,624,,
3221,Downtown Eastside,1 Metropolitan,19960,322,Vancouver - Centre North,32,Vancouver,32 VAN,3,Vancouver Coastal,3 VCHA,01200,01211,19.7,13.5,10170,48493,23359,40925,22542,6790,30532,17208,25758,17195,3380,84560,62884,71381,57241,10165,460,755,1790,1600,655,560,415,280,270,250,445,370,355,285,305,1380,425,340,340,275,10165,470,745,1800,1640,695,705,375,325,290,265,570,435,355,275,210,1005,410,255,340,3508907.6683,14395.7726,,625,,
3222,Northeast False Creek,1 Metropolitan,12392,322,Vancouver - Centre North,32,Vancouver,32 VAN,3,Vancouver Coastal,3 VCHA,00100,00101,8.700000000000001,8.2,6335,100398,77156,80002,65745,2530,74702,60409,58511,50578,3805,117485,96143,94294,81400,6335,320,135,155,210,210,255,205,195,200,195,350,485,335,405,370,2325,695,475,580,575,6335,330,145,155,220,250,275,255,265,165,290,525,540,450,400,370,1705,600,495,610,919522.3716,5530.7901,,626,,
3223,Grandview-Woodland,1 Metropolitan,29180,322,Vancouver - Centre North,32,Vancouver,32 VAN,3,Vancouver Coastal,3 VCHA,00100,00101,4.8,6.1000000000000005,15035,72585,55141,61046,48559,6750,41812,33290,35182,29428,8280,97686,79833,82142,69530,15035,345,310,985,1130,755,660,595,720,670,680,1260,1205,875,715,700,3425,1125,745,935,620,15030,370,310,1005,1155,820,840,860,805,805,780,1400,1200,870,675,630,2505,1035,680,790,4557770.7663,12994.4645,,627,,
3231,Cedar Cottage,1 Metropolitan,18027,323,Vancouver - Northeast,32,Vancouver,32 VAN,3,Vancouver Coastal,3 VCHA,00000,00001,4.5,5.2,6905,85883,69654,73080,60871,1930,37534,28446,32276,26049,4975,104612,88010,88888,77886,6905,175,120,250,395,220,265,215,245,345,300,425,520,480,420,325,2200,655,485,595,465,6905,180,125,250,410,260,280,340,320,315,305,600,575,470,420,325,1735,665,425,635,3049036.5028,8285.0296,,628,,
3232,Hastings-Sunrise,1 Metropolitan,34575,323,Vancouver - Northeast,32,Vancouver,32 VAN,3,Vancouver Coastal,3 VCHA,00000,00001,4,5.8,12730,85430,68506,72533,60635,3265,42337,28511,35586,26126,9465,100285,86058,85269,75697,12730,255,125,375,720,545,580,480,570,540,485,980,820,825,665,635,4110,1290,995,1105,720,12730,285,125,400,750,645,610,640,655,560,600,1040,995,785,805,685,3160,1305,830,1025,7954533.9471,12880.934000000001,,629,,
3233,Renfrew-Collingwood,1 Metropolitan,51292,323,Vancouver - Northeast,32,Vancouver,32 VAN,3,Vancouver Coastal,3 VCHA,00000,00001,3.9,7.5,18785,77035,64253,66980,57334,4650,38872,30153,33293,27371,14130,89595,77602,78067,68885,18780,605,280,455,970,815,835,830,875,850,710,1565,1450,1295,1130,960,5150,1900,1355,1255,635,18780,655,285,470,975,910,965,1045,965,965,970,1605,1695,1290,1185,870,3930,1875,995,1055,8093470.0029,12480.0849,,630,,
3241,Shaughnessy/Arbutus Ridge/Kerr,1 Metropolitan,37993,324,Vancouver - Westside,32,Vancouver,32 VAN,3,Vancouver Coastal,3 VCHA,00000,00001,4.3,5.2,14640,165805,78628,123730,67378,4025,75280,43858,58093,38069,10615,200101,102898,148597,88142,14640,585,380,370,520,560,525,600,430,465,470,870,825,800,695,565,5980,1060,855,1110,2950,14640,695,390,390,555,615,655,560,625,550,490,1115,945,760,610,585,5090,1125,785,3175,15780256.2641,21002.3878,,631,,
3242,West Point Grey/Dunbar-Southla,1 Metropolitan,34483,324,Vancouver - Westside,32,Vancouver,32 VAN,3,Vancouver Coastal,3 VCHA,00000,00000,3.8000000000000003,5.1000000000000005,12915,167211,96204,127575,80854,2915,69817,38685,54317,34590,9995,195572,121733,148908,102364,12910,575,265,390,380,350,395,305,370,365,335,695,590,600,550,520,6230,1045,790,1275,3130,12910,640,260,430,370,430,465,385,480,405,365,720,765,685,520,565,5410,1095,890,3420,12496423.4626,25138.5848,,632,,
3243,University of British Columbia,1 Metropolitan,15890,324,Vancouver - Westside,32,Vancouver,32 VAN,3,Vancouver Coastal,3 VCHA,01200,01201,15.4,4.9,6015,86208,43644,67630,40011,1795,49268,21170,39450,21000,4220,101892,57583,79594,52336,6010,945,365,340,275,290,225,225,200,170,205,295,320,225,215,200,1520,410,320,335,460,6010,980,380,340,280,285,270,255,225,185,230,390,300,245,215,240,1215,465,240,510,14593560.0493,20531.455,,633,,
3244,Kitsilano,1 Metropolitan,42812,324,Vancouver - Westside,32,Vancouver,32 VAN,3,Vancouver Coastal,3 VCHA,00000,00001,4.8,5.6000000000000005,22840,103027,72885,81331,61858,10300,63699,48142,51130,41422,12535,135355,103417,106156,87536,22840,830,415,635,955,800,780,835,755,975,760,1780,1470,1480,1325,1120,7915,2135,1485,1810,2485,22840,875,410,670,970,975,975,980,1030,1085,1090,1965,1815,1640,1240,985,6115,2105,1305,2705,5503065.7736,11270.3717,,634,,
3251,Kensington,1 Metropolitan,31755,325,Vancouver - Midtown,32,Vancouver,32 VAN,3,Vancouver Coastal,3 VCHA,00000,00001,3.8000000000000003,6.8,11135,87642,71636,74967,63458,2385,42407,34545,35848,30565,8750,99971,85769,85630,76092,11135,235,140,225,420,385,515,450,515,385,505,950,735,725,645,685,3630,1130,855,935,715,11130,250,145,230,440,455,550,545,555,560,595,910,890,770,765,565,2910,1210,665,1035,4273111.3881,8773.7026,,635,,
3252,Mount Pleasant,1 Metropolitan,32807,325,Vancouver - Midtown,32,Vancouver,32 VAN,3,Vancouver Coastal,3 VCHA,00100,00101,6.3,6.9,17895,86949,66423,71033,57307,8485,55543,44278,45201,38714,9410,115266,97259,94324,83586,17895,510,295,745,860,725,665,650,715,765,740,1380,1350,1150,1030,855,5465,1710,1300,1255,1200,17900,525,305,760,895,855,840,795,945,950,910,1635,1385,1275,1020,870,3950,1625,940,1380,4473051.5782,8907.2639,,636,,
3253,South Cambie/Riley Park,1 Metropolitan,31246,325,Vancouver - Midtown,32,Vancouver,32 VAN,3,Vancouver Coastal,3 VCHA,00000,00000,4.6000000000000005,5.6000000000000005,12345,115169,83106,92826,72124,3440,56748,43428,45949,38136,8905,137730,106512,110928,91726,12345,280,195,255,335,415,430,365,460,495,345,850,755,745,685,635,5095,1225,910,1340,1620,12340,305,200,250,365,455,490,535,500,525,495,1020,875,785,785,535,4215,1310,975,1930,7127838.2914,10796.9794,,637,,
3261,Killarney,1 Metropolitan,29561,326,Vancouver - South,32,Vancouver,32 VAN,3,Vancouver Coastal,3 VCHA,00000,00000,3.3000000000000003,4.8,10750,86067,71371,73740,62321,2495,44784,36592,37882,32695,8250,98552,84936,84585,74952,10745,215,115,240,475,375,445,455,525,345,450,870,785,745,665,545,3490,1210,840,805,635,10745,225,115,245,480,425,520,580,500,560,510,955,885,740,745,610,2635,1120,610,905,6952544.6181,11700.233,,638,,
3262,Oakridge/Marpole,1 Metropolitan,37453,326,Vancouver - South,32,Vancouver,32 VAN,3,Vancouver Coastal,3 VCHA,00000,00001,4.2,6.2,15900,81867,55724,67332,49233,5640,42253,32760,35525,29347,10260,103638,77381,84811,68135,15900,750,445,650,955,730,830,815,660,745,600,1305,980,945,765,605,4125,1305,695,1015,1110,15900,825,440,680,965,890,955,925,815,785,790,1350,1070,840,730,700,3150,1030,770,1355,10025941.1297,13960.3806,,639,,
3263,Sunset,1 Metropolitan,36496,326,Vancouver - South,32,Vancouver,32 VAN,3,Vancouver Coastal,3 VCHA,00000,00001,3.5,7.1000000000000005,11595,85835,68855,74390,61728,2305,35476,25791,30732,24268,9295,98302,80680,85198,72572,11595,340,165,305,450,420,495,485,465,510,480,920,900,780,680,590,3615,1105,805,955,740,11595,350,170,310,485,480,500,635,490,605,545,1020,1030,795,675,575,2930,1055,830,1040,6346724.3403,10284.4124,,640,,
3264,Victoria-Fraserview,1 Metropolitan,31065,326,Vancouver - South,32,Vancouver,32 VAN,3,Vancouver Coastal,3 VCHA,00000,00000,4.1,5.3,10170,85722,68126,73875,60866,2070,38715,26251,32897,25218,8105,97717,80642,84332,72180,10165,185,140,285,425,495,455,520,440,390,360,820,705,680,585,480,3195,985,740,860,605,10165,190,145,290,430,540,530,570,525,455,440,875,835,670,610,435,2615,1015,700,900,5418908.9334,9756.650300000001,,641,,
3311,North Vancouver City - East,1 Metropolitan,19230,331,North Vancouver,33,North Shore/Coast Garibaldi,33 NSCG,3,Vancouver Coastal,3 VCHA,00000,00001,4.6000000000000005,7.4,7625,106878,82298,86705,70875,2130,51625,39855,41468,35475,5505,128235,104407,104189,89302,7630,145,120,205,250,215,210,260,320,225,265,515,555,410,455,375,3095,825,590,790,890,7630,165,125,195,260,250,265,390,280,310,370,595,570,495,480,415,2455,800,600,1055,6298213.7591,16913.1913,,642,,
3312,North Vancouver City - West,1 Metropolitan,34244,331,North Vancouver,33,North Shore/Coast Garibaldi,33 NSCG,3,Vancouver Coastal,3 VCHA,00000,00000,4.9,6.3,17180,79785,61688,66085,53865,7285,52534,41294,43564,36294,9890,99856,83101,82672,72562,17175,445,310,500,810,900,800,765,795,900,800,1340,1280,1255,930,845,4510,1610,1010,1120,770,17175,455,325,510,855,1040,975,935,1005,1035,860,1670,1390,1195,925,890,3110,1330,795,980,5839989.646,11393.9727,,643,,
3313,North Vancouver DM - Central,1 Metropolitan,29808,331,North Vancouver,33,North Shore/Coast Garibaldi,33 NSCG,3,Vancouver Coastal,3 VCHA,00000,00000,3.5,4,10600,136051,103846,107576,87827,2085,50367,39418,41959,34677,8515,156982,124748,123605,103855,10595,125,85,180,300,315,255,275,250,240,365,580,545,565,525,505,5500,1145,1000,1425,1930,10600,160,80,185,315,365,280,315,275,380,395,685,665,675,645,635,4540,1245,1045,2255,28654541.7632,31264.1298,,644,,
3314,North Vancouver DM - East,1 Metropolitan,29271,331,North Vancouver,33,North Shore/Coast Garibaldi,33 NSCG,3,Vancouver Coastal,3 VCHA,00000,00000,3.7,4.3,10860,143732,104452,114606,88500,2240,94138,48714,79094,41367,8620,156611,123420,123828,103128,10865,125,95,185,220,240,220,275,245,305,275,565,545,670,590,630,5675,1285,965,1485,1940,10860,170,105,195,230,250,270,360,285,340,350,700,745,835,725,660,4620,1280,1100,2240,343925728.067,109541.5254,,645,,
3315,North Vancouver DM - West,1 Metropolitan,28839,331,North Vancouver,33,North Shore/Coast Garibaldi,33 NSCG,3,Vancouver Coastal,3 VCHA,00000,00000,3.2,4.3,10615,151746,99545,114654,83921,2215,59461,46711,44292,40613,8400,176053,122288,133187,102581,10615,240,130,170,270,250,345,305,320,245,305,605,575,615,475,470,5290,995,855,1085,2360,10615,275,145,185,270,290,395,375,315,385,325,765,710,645,550,520,4465,1090,815,2565,32078473.7216,33150.9844,,646,,
3321,West Vancouver - Lower,1 Metropolitan,19412,332,West Vancouver/Bowen Island,33,North Shore/Coast Garibaldi,33 NSCG,3,Vancouver Coastal,3 VCHA,00000,00000,6.1000000000000005,5.5,8965,117272,60672,91301,52789,3685,59098,38352,47766,34396,5280,157908,89542,121712,78252,8970,310,140,330,505,550,430,400,480,360,345,570,570,455,425,290,2805,685,405,545,1170,8970,355,145,325,530,620,515,505,490,410,445,615,590,450,395,300,2280,610,405,1265,7543303.2878,16211.3518,,647,,
3322,West Vancouver - Upper,1 Metropolitan,25992,332,West Vancouver/Bowen Island,33,North Shore/Coast Garibaldi,33 NSCG,3,Vancouver Coastal,3 VCHA,00000,00001,3.3000000000000003,5.8,9270,252338,119277,178852,98584,1480,114490,53915,82975,45695,7790,278586,138245,197109,114160,9275,365,130,165,185,185,235,195,210,245,280,425,410,345,340,355,5230,755,610,1100,2760,9275,435,140,165,170,250,265,255,290,260,325,530,410,350,405,450,4575,825,750,3005,83010414.0607,48775.462,,749,,
3323,Bowen Island/Lions Bay,6 Rural,5086,332,West Vancouver/Bowen Island,33,North Shore/Coast Garibaldi,33 NSCG,3,Vancouver Coastal,3 VCHA,00000,00000,4.5,3.9,2025,134650,95984,104565,82258,400,51373,38604,42052,33746,1630,155064,114253,119889,95973,2020,35,40,35,45,60,50,45,60,35,55,115,140,135,60,155,960,190,195,190,385,2020,50,30,35,60,40,70,70,45,75,90,110,180,120,145,100,805,225,155,430,130965780.5693,90231.905,,648,,
3331,Gibsons,5 Rural Hub,8269,333,Sunshine Coast,33,North Shore/Coast Garibaldi,33 NSCG,3,Vancouver Coastal,3 VCHA,00100,00101,7.1000000000000005,6.8,3755,78519,63069,66444,55211,1280,44989,34485,37960,30877,2470,95910,80877,81216,70870,3755,65,40,60,195,215,160,225,165,210,185,275,275,305,170,180,1025,380,220,270,160,3755,70,50,75,190,245,205,250,220,240,160,355,335,215,255,185,715,330,180,205,26046346.2711,29620.7251,,649,,
3332,Sechelt,5 Rural Hub,10862,333,Sunshine Coast,33,North Shore/Coast Garibaldi,33 NSCG,3,Vancouver Coastal,3 VCHA,00100,00101,6.2,8.6,5125,71979,57624,62204,51381,1765,40026,30226,34952,28484,3365,88719,75268,76481,65962,5125,105,65,130,265,365,260,260,240,230,300,480,340,355,305,260,1175,440,320,270,140,5130,115,70,140,270,390,290,330,290,270,310,535,405,360,300,205,850,455,215,180,42050982.3764,62743.5372,,650,,
3333,Sunshine Coast Rural,6 Rural,10839,333,Sunshine Coast,33,North Shore/Coast Garibaldi,33 NSCG,3,Vancouver Coastal,3 VCHA,00100,00111,6.8,10.1,5110,81996,62215,68195,54083,1580,47994,31821,38737,28483,3535,97153,76800,81325,68792,5110,110,95,185,235,250,215,275,245,220,255,385,400,365,250,280,1345,510,315,285,230,5110,125,95,185,260,270,270,310,320,250,255,430,480,325,335,255,940,440,205,295,3755316764.3022,1189196.0526,,754,,
3341,Powell River City,4 Small Urban,13157,334,Powell River,33,North Shore/Coast Garibaldi,33 NSCG,3,Vancouver Coastal,3 VCHA,00000,00000,4.2,4.1,6080,69732,56277,59992,51085,2030,35813,30452,31601,27775,4050,86730,73744,74220,64911,6075,85,65,225,325,410,295,360,345,325,280,530,475,410,330,285,1325,535,345,325,125,6080,85,60,230,340,480,360,395,420,325,285,650,515,420,325,290,895,455,260,180,31124182.8408,38027.5886,,651,,
3342,qathet Rural,6 Rural,6514,334,Powell River,33,North Shore/Coast Garibaldi,33 NSCG,3,Vancouver Coastal,3 VCHA,00100,00100,8.6,5.5,3190,64339,49974,55725,45970,1120,32248,24951,28401,24226,2065,81703,69858,70510,62873,3190,55,95,115,230,195,210,180,160,180,180,225,235,220,190,175,540,220,120,110,90,3185,55,95,120,230,205,250,195,235,185,170,270,250,265,160,145,355,160,80,120,5194255043.2066,936643.2851,,652,,
3351,Squamish,4 Small Urban,19893,335,Howe Sound,33,North Shore/Coast Garibaldi,33 NSCG,3,Vancouver Coastal,3 VCHA,00100,00101,6.2,7.2,7375,99270,87232,83029,75221,1610,50831,44623,42523,38250,5765,112807,102043,94348,87369,7375,115,90,135,155,220,185,185,245,185,200,580,540,460,525,465,3105,985,795,830,495,7375,120,90,125,170,230,235,280,230,265,380,620,615,610,580,475,2360,1040,665,660,112610676.1095,121407.6255,,653,,
3352,Whistler,5 Rural Hub,11854,335,Howe Sound,33,North Shore/Coast Garibaldi,33 NSCG,3,Vancouver Coastal,3 VCHA,01100,01101,11.700000000000001,9.5,4615,114768,79779,90544,68837,1210,57653,43043,44892,36384,3400,135096,97351,106792,83503,4615,90,75,75,60,145,125,150,195,190,170,365,360,335,230,315,1750,600,350,400,410,4610,95,70,75,75,185,180,190,265,205,225,370,410,325,360,275,1300,525,280,495,244958587.0569,74139.48329999999,,654,,
3353,Howe Sound Rural,6 Rural,6906,335,Howe Sound,33,North Shore/Coast Garibaldi,33 NSCG,3,Vancouver Coastal,3 VCHA,01200,01212,13.200000000000001,12.700000000000001,2560,92363,75313,77334,66165,505,41558,35742,35284,32583,2060,104758,90717,87593,78633,2560,80,30,60,85,95,65,90,105,80,105,220,185,180,120,170,900,315,220,190,170,2560,80,30,55,85,115,85,105,110,105,150,235,205,190,190,160,665,315,145,205,8844446859.7088,964711.8937,,655,,
3360,Bella Coola Valley,7 Remote,2678,336,Bella Coola Valley,33,North Shore/Coast Garibaldi,33 NSCG,3,Vancouver Coastal,3 VCHA,01200,01201,11.6,5.7,1085,58024,41584,50816,38644,340,34862,27612,31220,25718,745,68519,51938,59695,50192,1085,65,50,40,90,45,90,60,80,35,60,80,60,55,40,35,190,85,50,40,15,1085,65,45,35,95,50,90,95,65,50,50,90,70,55,35,55,135,80,35,20,25204547190.7677,1835440.1293,,656,,
3370,Central Coast,7 Remote,1514,337,Central Coast,33,North Shore/Coast Garibaldi,33 NSCG,3,Vancouver Coastal,3 VCHA,01200,01212,13.5,13.8,540,63593,54592,59007,51328,155,33876,23328,30294,23008,390,75158,65536,70181,61184,540,25,20,15,30,35,25,20,35,15,30,45,50,40,25,35,95,50,25,20,10,540,25,15,20,30,35,30,30,25,20,40,55,40,35,40,25,80,40,25,20,10712993021.7794,6552698.8037,,657,,
4111,Downtown Victoria/Vic West,2 Large Urban,31290,411,Greater Victoria,41,South Vancouver Island,41 SVI,4,Vancouver Island,4 VIHA,00100,00101,8.1,6.4,16750,64614,51977,54905,45666,8340,43559,34352,36766,30287,8405,85509,74528,72906,66277,16750,610,330,1045,1120,1020,770,750,815,845,845,1370,1310,1160,890,645,3235,1455,665,690,425,16750,625,330,1055,1155,1170,1000,885,1055,975,925,1540,1395,1100,830,675,2040,980,550,505,7319240.657,21468.1544,,658,,
4112,James Bay/Fairfield,2 Large Urban,32057,411,Greater Victoria,41,South Vancouver Island,41 SVI,4,Vancouver Island,4 VIHA,00000,00000,5.8,5.9,17665,78272,55509,64808,48294,8900,50805,37779,42678,33551,8765,106178,84532,87292,73431,17665,390,285,630,1075,990,915,845,910,915,895,1645,1275,1110,915,755,4110,1315,950,950,895,17665,415,300,650,1110,1195,1070,1030,1145,1195,1075,1565,1330,1105,805,680,2990,1205,725,1060,7655028.8085,17306.0175,,661,,
4113,Oaklands/Fernwood,2 Large Urban,22445,411,Greater Victoria,41,South Vancouver Island,41 SVI,4,Vancouver Island,4 VIHA,00100,00100,5.7,4.3,11345,62584,50891,54130,45574,4910,38605,31949,33515,29079,6440,80873,72050,69853,64247,11345,350,200,520,710,720,645,645,605,620,590,970,800,790,640,560,1990,860,515,435,180,11345,355,195,525,745,925,710,720,800,640,685,1015,905,815,600,410,1305,685,330,290,4502290.3674,10376.7451,,663,,
4114,Oak Bay,2 Large Urban,18094,411,Greater Victoria,41,South Vancouver Island,41 SVI,4,Vancouver Island,4 VIHA,00000,00000,5.1000000000000005,3.1,7740,138057,94293,105965,80440,2415,59477,42501,48853,37304,5325,173684,127479,131859,107460,7735,120,125,110,255,305,255,210,230,240,225,455,440,375,380,330,3685,795,690,895,1300,7735,130,135,120,280,345,265,245,320,300,220,535,505,450,425,435,3035,885,690,1455,12640064.3502,47088.6295,,662,,
4115,Gordon Head/Shelbourne,2 Large Urban,38257,411,Greater Victoria,41,South Vancouver Island,41 SVI,4,Vancouver Island,4 VIHA,00000,00001,4.1,5.6000000000000005,15185,98946,76629,82024,67441,3985,48947,37483,41486,33436,11200,116739,98585,96450,85093,15185,505,205,340,515,580,500,555,560,555,495,1150,965,935,780,760,5790,1710,1415,1390,1275,15185,530,215,345,530,630,605,695,660,575,640,1340,1085,1005,940,850,4550,1815,1140,1595,21885444.7687,37889.2951,,660,,
4116,Quadra/Swan Lake,2 Large Urban,24167,411,Greater Victoria,41,South Vancouver Island,41 SVI,4,Vancouver Island,4 VIHA,00000,00001,3.9,6.2,10700,82084,69987,69649,60527,3475,44703,36532,38033,32720,7225,100082,90345,84872,78828,10700,250,120,310,405,420,470,435,470,390,510,895,675,805,690,660,3185,1125,825,820,420,10705,255,120,320,420,510,555,535,490,560,630,900,945,805,740,555,2365,1130,655,575,9909913.5963,15751.687300000001,,664,,
4117,Interurban/Tillicum,2 Large Urban,29704,411,Greater Victoria,41,South Vancouver Island,41 SVI,4,Vancouver Island,4 VIHA,00000,00000,3.8000000000000003,4,11870,85421,74206,72879,64756,3170,43928,38722,37689,34255,8700,100525,90739,85688,78660,11870,150,145,235,315,475,470,440,465,470,500,915,1040,815,875,730,3830,1455,1095,875,415,11870,165,140,240,340,560,570,505,585,560,560,1170,1150,955,860,790,2720,1370,770,580,23786339.0511,28176.405,,665,,
4118,View Royal,2 Large Urban,10408,411,Greater Victoria,41,South Vancouver Island,41 SVI,4,Vancouver Island,4 VIHA,00100,00100,7.8,2.7,4155,96693,83968,81138,71699,1060,50544,45274,43020,39598,3095,112521,100668,94211,86662,4150,40,20,60,80,125,95,145,170,125,165,340,335,270,265,270,1640,515,465,410,240,4155,40,25,55,80,150,115,215,160,185,245,380,360,335,300,245,1260,600,355,305,16404171.5958,36609.7653,,666,,
4119,Esquimalt,2 Large Urban,19497,411,Greater Victoria,41,South Vancouver Island,41 SVI,4,Vancouver Island,4 VIHA,20100,20100,7.1000000000000005,4.4,9385,70720,58841,60323,51573,3765,41285,35910,35542,32089,5620,90451,79939,76933,69281,9380,150,125,400,470,510,400,500,420,535,460,810,790,680,540,520,2075,850,555,470,200,9385,150,125,415,490,560,575,550,575,605,495,1000,855,595,630,355,1420,765,375,285,7988943.8808,23089.6609,,659,,
4121,Colwood,2 Large Urban,16859,412,Western Communities,41,South Vancouver Island,41 SVI,4,Vancouver Island,4 VIHA,00000,00000,3.3000000000000003,3.9,6590,102904,86103,85690,73240,1365,48572,45591,41140,39152,5225,117084,97312,97317,83987,6590,65,30,105,130,145,120,185,225,190,235,500,465,590,575,485,2545,890,675,605,375,6585,80,25,95,135,160,185,220,270,295,270,595,730,695,500,465,1865,860,535,475,17689483.7037,27469.9899,,667,,
4122,Metchosin,6 Rural,4837,412,Western Communities,41,South Vancouver Island,41 SVI,4,Vancouver Island,4 VIHA,00000,00000,5.1000000000000005,6.7,1860,101911,86726,85766,74152,380,49189,44421,41956,39116,1480,115607,101185,97146,86765,1860,20,0,40,30,65,70,30,55,85,55,130,150,115,120,115,775,250,160,195,170,1860,20,10,40,30,80,60,50,85,85,85,145,165,170,120,115,595,230,125,240,74721648.5013,82656.0366,,668,,
4123,Langford/Highlands,2 Large Urban,37985,412,Western Communities,41,South Vancouver Island,41 SVI,4,Vancouver Island,4 VIHA,00000,00000,3.8000000000000003,5.3,15160,91715,81235,77060,69806,3635,49843,44150,40747,38273,11530,104916,95976,88508,82569,15160,225,125,245,390,465,380,475,545,605,650,1180,1015,1115,1070,970,5700,2180,1370,1470,680,15165,230,135,250,400,550,480,625,760,765,745,1235,1425,1315,1110,1080,4050,1970,1095,975,87617160.1161,65301.0222,,669,,
4124,Sooke,5 Rural Hub,14894,412,Western Communities,41,South Vancouver Island,41 SVI,4,Vancouver Island,4 VIHA,00000,00001,3.7,6,6065,83810,72989,70986,63363,1470,45477,34226,37826,31132,4595,96079,88370,81599,76782,6065,105,120,135,205,240,235,205,280,205,310,480,425,375,370,395,1975,805,585,400,190,6065,120,110,140,215,260,275,280,280,345,280,520,475,485,460,450,1350,735,380,235,88404573.9307,114500.4867,,670,,
4125,Juan de Fuca Coast,6 Rural,2885,412,Western Communities,41,South Vancouver Island,41 SVI,4,Vancouver Island,4 VIHA,00100,00101,7.2,8.3,1230,90643,65338,74946,57818,330,37804,32859,32607,29679,900,110076,77479,90518,68144,1230,35,25,45,30,40,80,60,60,50,35,95,125,100,100,60,295,95,35,100,60,1230,35,20,50,35,65,80,85,45,45,75,125,135,110,60,55,215,60,75,80,1474547788.2357,294073.7616,,671,,
4131,Royal Oak/Cordova Bay/Prospect,2 Large Urban,22020,413,Saanich Peninsula,41,South Vancouver Island,41 SVI,4,Vancouver Island,4 VIHA,00000,00000,4.2,4.1,8895,116855,96043,95559,82087,2015,58859,45873,48921,39538,6880,133815,112811,109198,96109,8895,105,85,115,205,245,165,270,240,230,295,515,550,610,500,550,4215,1095,845,1110,1165,8895,115,85,125,225,265,245,295,310,295,355,655,650,675,725,485,3385,1120,805,1460,47147527.9424,31530.5349,,672,,
4132,Central Saanich,2 Large Urban,19325,413,Saanich Peninsula,41,South Vancouver Island,41 SVI,4,Vancouver Island,4 VIHA,00000,00000,5.1000000000000005,3.6,7885,99895,79664,82841,69349,2070,49329,37293,41613,33444,5815,117921,99706,97538,85277,7890,80,80,130,235,295,260,285,340,275,305,660,510,500,490,425,3015,925,790,745,560,7885,110,75,125,260,295,360,335,360,360,365,740,610,590,510,425,2370,1080,580,705,46148218.5575,37522.8688,,673,,
4133,North Saanich,2 Large Urban,11675,413,Saanich Peninsula,41,South Vancouver Island,41 SVI,4,Vancouver Island,4 VIHA,00000,00000,3.6,2.9,4750,138718,100450,111739,84723,840,71284,46642,57923,40720,3910,153116,113511,123229,96668,4750,85,20,30,100,95,70,110,150,115,130,285,245,380,255,305,2385,605,495,655,630,4750,85,30,20,105,110,90,145,155,165,130,355,385,410,315,350,1895,650,440,805,40362526.1315,49413.2727,,674,,
4134,Sidney,2 Large Urban,11672,413,Saanich Peninsula,41,South Vancouver Island,41 SVI,4,Vancouver Island,4 VIHA,00000,00000,6,4.9,5605,77560,64151,65871,56653,2130,45310,39023,38882,34399,3470,97353,84259,82437,73344,5600,60,65,95,205,270,255,275,270,300,250,600,465,385,405,255,1450,555,370,350,170,5600,65,80,90,210,345,325,305,315,365,320,575,560,435,360,265,985,450,305,230,5084760.2701,13342.9869,,675,,
4141,Salt Spring Island,6 Rural,10557,414,Southern Gulf Islands,41,South Vancouver Island,41 SVI,4,Vancouver Island,4 VIHA,00100,00101,6.3,6.2,4845,75192,57761,63617,51728,1620,43232,27253,36205,25542,3225,91216,73733,77361,65921,4840,90,85,215,255,255,255,235,265,230,235,450,325,325,300,240,1085,360,275,220,235,4845,100,100,210,270,315,280,285,275,260,235,445,440,360,280,200,790,360,175,265,185664114.6526,141135.7886,,676,,
5233,Fort St. James North,6 Rural,4558,523,Nechako,52,Northern Interior,52 NI,5,Northern,5 NHA,00100,00111,7.5,10.700000000000001,1755,88556,74708,74596,64506,440,64523,41395,51782,37219,1315,96680,87721,82307,76186,1760,50,35,45,75,60,70,75,75,75,50,90,140,105,155,90,580,225,115,150,85,1760,55,35,45,75,65,100,65,80,75,55,150,160,155,140,90,420,190,115,115,33203186592.309,1326269.2795,,719,,
5234,Fraser Lake,6 Rural,2864,523,Nechako,52,Northern Interior,52 NI,5,Northern,5 NHA,00100,00101,6.9,8.6,1250,81075,70465,67850,60852,405,45592,33702,38751,29467,850,97963,89057,81700,75112,1250,20,15,35,75,60,70,45,30,50,40,75,100,90,75,105,365,130,65,120,50,1250,25,20,35,75,60,85,45,55,55,35,115,105,165,70,70,245,100,70,65,3676434133.725,334609.1306,,720,,
5241,Prince George City - North,3 Medium Urban,16947,524,Prince George,52,Northern Interior,52 NI,5,Northern,5 NHA,00000,00000,3,4.5,6705,107680,92518,88369,78870,1490,52511,44030,43370,37902,5215,123437,109009,101221,91775,6705,50,70,85,145,170,180,250,170,215,200,425,445,440,400,390,3055,990,670,870,525,6705,55,70,100,140,205,240,300,225,245,260,525,575,505,475,570,2220,895,625,705,183692739.6976,89298.6775,,721,,
5242,Prince George City - Central,3 Medium Urban,41431,524,Prince George,52,Northern Interior,52 NI,5,Northern,5 NHA,00000,00001,5.1000000000000005,6.4,17825,74624,62104,63721,54996,6085,42251,34982,36116,31181,11735,91404,82447,78029,71869,17820,250,235,745,875,925,820,785,905,840,695,1520,1335,1105,1130,1060,4585,1770,1215,1070,540,17820,255,240,760,910,1060,1015,980,995,980,910,1645,1470,1385,1150,835,3220,1645,830,750,80300914.332,59865.4949,,722,,
5243,Prince George City - Southwest,3 Medium Urban,15730,524,Prince George,52,Northern Interior,52 NI,5,Northern,5 NHA,00000,00000,2.6,3.1,5740,116627,104490,96212,88647,980,58471,50528,48533,43857,4760,128616,115433,106041,99089,5740,35,20,50,30,95,90,160,140,130,175,360,415,335,350,360,3000,805,760,860,580,5740,40,20,50,40,105,145,165,175,200,200,500,485,410,390,440,2385,995,600,790,72127039.0004,39329.6056,,723,,
5244,Prince George Southwest Rural,6 Rural,7847,524,Prince George,52,Northern Interior,52 NI,5,Northern,5 NHA,00000,00000,4.3,5.2,3005,117389,94526,95554,79659,525,66954,41743,56454,36379,2485,128026,107686,103800,89791,3010,40,35,40,60,60,75,60,140,95,90,175,230,185,135,180,1415,425,400,330,260,3005,35,30,40,65,60,85,105,145,100,150,250,220,210,220,200,1075,545,210,315,4121343106.681,398588.3978,,726,,
5245,Prince George North Fraser Rur,6 Rural,5486,524,Prince George,52,Northern Interior,52 NI,5,Northern,5 NHA,00000,00001,3.9,8.4,2180,110319,93188,89419,80233,390,44904,34665,37706,31541,1790,124581,104339,100694,88040,2180,30,40,45,60,40,70,40,40,35,80,145,145,110,150,170,970,300,280,240,150,2180,30,45,45,60,45,85,55,45,70,110,165,165,170,230,170,695,320,155,225,27568868284.6616,1206648.1126,,725,,
5246,McBride/Valemount,7 Remote,3223,524,Prince George,52,Northern Interior,52 NI,5,Northern,5 NHA,00100,00111,7.1000000000000005,10.9,1465,63772,51417,54906,46764,485,44128,33548,37498,30143,975,73499,61239,63527,56749,1460,35,45,45,90,95,50,90,105,110,50,140,130,65,65,50,305,135,90,60,25,1465,40,45,45,90,120,70,110,105,85,70,175,100,80,75,75,170,80,75,20,15221416627.7709,975504.8206,,724,,
5247,Mackenzie,5 Rural Hub,4413,524,Prince George,52,Northern Interior,52 NI,5,Northern,5 NHA,00100,00111,7.9,11,1870,92188,86403,77053,72800,575,63247,58069,51695,48934,1295,104954,103674,88239,87408,1870,20,20,20,50,50,65,70,65,70,75,115,140,120,100,125,780,275,215,235,50,1870,20,15,20,50,50,75,75,85,110,80,130,160,150,175,135,535,280,175,80,28854875901.8817,1703464.5992,,752,,
5311,Dawson Creek,4 Small Urban,12198,531,Peace River South,53,Northeast,53 NE,5,Northern,5 NHA,00100,00101,6.3,8.3,5045,91388,79056,76176,67721,1625,50370,41584,41976,36644,3415,110938,99182,92476,85318,5045,55,75,140,220,165,180,195,165,160,205,320,350,325,330,320,1845,565,500,485,290,5045,60,70,145,225,225,195,225,185,220,220,410,420,405,385,280,1375,650,355,370,30869386.0872,36892.5849,,727,,
5312,Chetwynd,6 Rural,2503,531,Peace River South,53,Northeast,53 NE,5,Northern,5 NHA,00100,00111,6,13.200000000000001,1005,100550,89934,82554,76456,235,53672,37478,44628,33894,770,114924,109389,94183,93029,1005,0,0,30,20,50,50,25,30,30,40,60,65,60,40,50,450,140,110,130,75,1005,10,0,25,20,50,50,40,40,40,30,95,65,65,60,95,320,165,70,90,43457319.0319,39292.586800000005,,728,,
5313,Tumbler Ridge,5 Rural Hub,1987,531,Peace River South,53,Northeast,53 NE,5,Northern,5 NHA,00000,00011,4.4,1000,860,83846,74558,69333,63188,270,53727,31722,44280,26483,590,97613,85712,80783,74858,865,35,10,25,20,50,30,30,25,25,35,55,60,90,55,35,290,115,50,95,25,860,35,15,20,25,60,30,25,40,35,40,90,85,70,60,45,190,95,65,35,1571027669.3263,179411.1742,,729,,
5314,Peace River South Rural,6 Rural,10162,531,Peace River South,53,Northeast,53 NE,5,Northern,5 NHA,00100,00111,5.8,11,3935,112249,91141,90906,78188,865,57637,43031,46880,37344,3075,127624,107903,103300,89887,3940,60,35,75,115,95,125,140,120,115,85,230,240,270,255,225,1760,465,375,445,480,3935,65,40,75,125,110,145,150,125,110,125,325,355,265,335,235,1360,470,335,555,26166906090.3039,1202408.3069,,730,,
5321,Fort St John,4 Small Urban,20155,532,Peace River North,53,Northeast,53 NE,5,Northern,5 NHA,00000,00001,4.3,5.5,7935,114201,103383,92540,85905,2110,64569,56329,52151,47425,5825,132204,122853,107191,101296,7940,55,65,90,160,210,170,210,175,165,215,485,410,420,455,495,4155,1125,960,1280,790,7940,60,65,100,170,240,230,195,255,250,270,620,490,610,645,575,3170,1285,855,1030,26266038.3125,45932.8001,,731,,
5322,Hudson's Hope,6 Rural,1015,532,Peace River North,53,Northeast,53 NE,5,Northern,5 NHA,00100,00112,9.6,16.9,450,86277,71987,72157,63622,160,53417,43868,44719,37468,290,104195,99398,87118,81755,445,0,10,0,35,30,15,10,10,15,15,50,20,25,40,25,150,45,45,30,30,450,0,10,0,35,30,15,10,25,25,20,45,15,40,25,35,105,40,40,25,896906041.8222,138259.9993,,732,,
5323,Peace River North Rural,6 Rural,14351,532,Peace River North,53,Northeast,53 NE,5,Northern,5 NHA,00100,00111,5.9,12.1,4845,128501,108152,101961,90685,845,61974,47017,49825,42077,4000,142597,120658,113007,100283,4850,60,70,55,110,120,130,130,75,115,120,205,275,275,285,235,2600,580,535,765,725,4850,70,75,60,105,145,135,150,90,150,145,310,340,325,270,400,2080,725,535,815,67027005178.5861,1259248.5128,,733,,
5331,Fort Nelson Population Centre,5 Rural Hub,3796,533,Fort Nelson,53,Northeast,53 NE,5,Northern,5 NHA,00100,00111,6.3,13.3,1625,103994,91051,86174,78507,470,60874,48560,50523,44354,1155,121615,107740,100743,91202,1625,35,0,30,50,85,55,20,35,50,40,110,95,90,95,110,710,165,210,150,185,1630,35,10,30,50,95,55,45,65,45,70,105,130,110,125,100,560,235,115,215,13787893.5543,24029.3517,,734,,
5332,Northern Boreal,7 Remote,1718,533,Fort Nelson,53,Northeast,53 NE,5,Northern,5 NHA,00100,00101,6.6000000000000005,7.7,610,100246,78934,84295,74847,145,45204,25209,38417,24569,465,117732,93122,98870,84656,610,25,10,10,35,25,25,25,15,20,20,30,40,35,25,40,240,60,30,100,50,610,25,15,10,35,30,20,25,15,30,25,30,45,50,25,45,200,50,90,60,89361538996.6681,1579832.3376,,735,,
4142,Pender/Galiano/Saturna/Mayne,6 Rural,4732,414,Southern Gulf Islands,41,South Vancouver Island,41 SVI,4,Vancouver Island,4 VIHA,00100,00101,7,9.8,2480,73450,58419,61668,51704,855,43357,30660,36703,29121,1620,89405,75005,74904,66571,2480,40,50,100,90,120,125,160,185,85,140,195,170,175,165,155,530,245,130,65,80,2480,45,45,105,100,140,155,190,155,120,135,205,240,195,220,90,335,190,60,90,191034516.4162,443710.2167,,677,,
4211,South Cowichan,5 Rural Hub,17780,421,Cowichan Valley South,42,Central Vancouver Island,42 CVI,4,Vancouver Island,4 VIHA,00000,00001,5.1000000000000005,6.3,7270,95436,80233,79320,69451,1550,49387,39610,40705,35204,5720,107900,93059,89772,80622,7265,95,60,95,220,280,180,290,260,235,270,510,575,550,540,460,2640,850,655,695,435,7270,105,60,105,245,290,245,310,300,285,325,705,715,625,570,435,1945,810,550,585,237704653.4319,120077.7834,,678,,
4212,Central Cowichan,4 Small Urban,40598,421,Cowichan Valley South,42,Central Vancouver Island,42 CVI,4,Vancouver Island,4 VIHA,00000,00000,5.3,6.1000000000000005,16810,76060,60784,65232,54257,4840,39387,30303,34298,27760,11970,90898,77926,77748,68700,16810,205,210,575,870,925,820,840,820,855,795,1370,1255,1080,1040,780,4370,1755,1060,940,615,16815,220,225,560,930,1030,900,1015,1045,900,805,1570,1435,1220,1075,855,3035,1475,750,810,505637156.5821,160415.4276,,679,,
4220,Cowichan Valley West,6 Rural,6240,422,Cowichan Valley West,42,Central Vancouver Island,42 CVI,4,Vancouver Island,4 VIHA,00100,00111,6.5,10.700000000000001,2850,65991,53443,57252,49479,830,38100,29118,32898,26413,2015,77458,65491,67264,59679,2850,25,65,135,120,200,155,155,165,175,110,270,200,170,185,145,565,260,135,115,50,2845,30,65,135,145,205,190,200,185,145,155,285,235,200,195,100,380,200,95,80,2378129735.3984,390908.0471,,680,,
4231,Ladysmith,4 Small Urban,8557,423,Cowichan Valley North,42,Central Vancouver Island,42 CVI,4,Vancouver Island,4 VIHA,00000,00000,6.3,8.2,3715,79280,67715,67441,59836,1025,42821,36338,36797,31864,2690,93201,84091,79141,73111,3715,30,65,45,130,135,160,185,180,240,155,290,295,280,225,240,1065,425,285,255,100,3715,40,60,40,140,180,155,245,250,215,195,335,330,290,250,285,705,355,195,150,12305831.9675,26653.0354,,753,,
4232,Ladysmith Rural,6 Rural,3676,423,Cowichan Valley North,42,Central Vancouver Island,42 CVI,4,Vancouver Island,4 VIHA,00100,00101,7.1000000000000005,7.3,1445,81457,67482,69459,60821,320,42690,33342,36691,30868,1125,92409,78244,78716,69157,1445,40,20,30,60,70,45,65,50,60,30,135,145,105,80,85,415,145,100,120,55,1445,40,25,25,65,75,70,70,50,70,75,145,155,110,95,70,315,130,115,65,358421066.2622,231012.467,,741,,
4233,Chemainus,5 Rural Hub,6037,423,Cowichan Valley North,42,Central Vancouver Island,42 CVI,4,Vancouver Island,4 VIHA,00000,00000,6.7,7.5,2870,73974,62695,62705,55247,895,37435,32003,32890,28659,1975,90599,81231,76271,71006,2870,25,50,70,145,140,100,150,170,155,145,235,240,170,220,145,725,330,160,160,65,2870,30,45,70,150,175,115,175,190,195,150,260,260,230,215,175,445,220,125,100,18493169.7718,40311.0935,,681,,
4234,Penelakut and Thetis Islands,6 Rural,851,423,Cowichan Valley North,42,Central Vancouver Island,42 CVI,4,Vancouver Island,4 VIHA,00100,00101,7.8,9.8,315,51418,49168,46993,46863,75,27553,19412,25181,19052,235,59154,57584,54063,52720,315,25,10,10,35,10,10,15,20,15,10,25,30,25,25,20,30,25,0,0,0,310,30,10,0,40,10,20,15,20,10,20,35,30,30,15,10,20,20,0,0,48494995.9986,110060.6345,,682,,
4241,Downtown Nanaimo,3 Medium Urban,20117,424,Greater Nanaimo,42,Central Vancouver Island,42 CVI,4,Vancouver Island,4 VIHA,00100,00101,7.1000000000000005,5.7,10045,55979,43351,48579,38966,4500,35879,26302,30948,24466,5540,72298,59931,62894,54385,10045,270,280,680,870,685,615,655,600,570,490,885,615,565,435,415,1420,645,355,280,135,10045,295,265,695,885,835,715,755,675,605,535,875,710,510,425,340,930,530,200,195,14136578.0722,34243.9997,,683,,
4242,Departure Bay,3 Medium Urban,25680,424,Greater Nanaimo,42,Central Vancouver Island,42 CVI,4,Vancouver Island,4 VIHA,00000,00000,4.2,4.3,10835,77842,66671,66787,58924,2945,42944,35914,36821,32025,7895,90852,80370,77958,70952,10835,140,130,265,395,480,430,535,490,560,470,1000,855,835,695,645,2925,1165,755,670,335,10835,145,120,285,380,570,525,650,560,605,650,1075,1005,895,780,535,2055,1060,485,505,21091342.5903,25029.4767,,684,,
4243,Nanaimo North/Lantzville,3 Medium Urban,30045,424,Greater Nanaimo,42,Central Vancouver Island,42 CVI,4,Vancouver Island,4 VIHA,00000,00000,3.7,4.5,12395,89888,75426,76188,65970,3025,45494,38716,38698,33921,9370,104226,90548,88296,78410,12400,145,110,245,290,525,365,480,495,560,545,990,1010,820,845,750,4210,1415,995,1140,665,12395,155,125,255,310,565,465,590,630,690,575,1160,1060,1105,875,710,3125,1380,820,925,48590573.1897,61334.2425,,685,,
4244,Nanaimo South,3 Medium Urban,14529,424,Greater Nanaimo,42,Central Vancouver Island,42 CVI,4,Vancouver Island,4 VIHA,00100,00101,5.7,5.5,5865,69119,57286,60082,51346,1595,34781,29182,30499,26810,4265,81960,72294,71145,63886,5865,100,110,245,245,330,330,305,335,305,280,475,455,395,360,335,1255,530,310,285,130,5865,105,110,255,275,355,375,355,405,315,290,575,510,410,405,280,845,410,240,190,27651005.8595,64949.9013,,686,,
4245,Nanaimo West/Rural,6 Rural,7502,424,Greater Nanaimo,42,Central Vancouver Island,42 CVI,4,Vancouver Island,4 VIHA,00100,00100,6.2,2.7,2830,95737,82517,81123,70975,545,45620,35010,39402,31249,2285,107663,95738,91050,83148,2830,15,20,50,55,130,90,125,120,115,105,170,225,170,190,150,1110,360,255,275,220,2835,15,20,50,55,155,130,130,140,105,125,220,245,190,225,165,865,385,200,280,1080072781.2524,324790.0732,,687,,
4246,Cedar/Wellington,6 Rural,7058,424,Greater Nanaimo,42,Central Vancouver Island,42 CVI,4,Vancouver Island,4 VIHA,00000,00000,4,5.2,2990,88059,71680,74083,62566,695,55619,34694,45054,30783,2290,97964,82822,82946,73610,2990,55,40,65,115,90,120,145,95,115,125,245,245,235,195,170,935,340,225,225,150,2990,60,45,60,115,100,170,175,95,170,140,300,240,260,190,195,675,300,205,175,62389396.3072,50067.7887,,688,,
4247,Gabriola Island,6 Rural,4033,424,Greater Nanaimo,42,Central Vancouver Island,42 CVI,4,Vancouver Island,4 VIHA,00000,00000,5.4,4.9,2145,62927,47718,54602,43234,755,36420,25738,31539,24295,1390,77257,63114,67070,57335,2140,55,50,90,170,125,125,105,135,155,115,155,160,145,105,65,375,155,95,70,60,2145,65,50,95,175,145,115,155,165,135,105,210,155,135,105,75,255,130,45,80,58082841.1091,86755.6465,,689,,
4251,Parksville,4 Small Urban,13260,425,Oceanside,42,Central Vancouver Island,42 CVI,4,Vancouver Island,4 VIHA,00000,00000,5.2,2.8000000000000003,6435,69829,57128,59921,51046,2130,37657,30236,32954,27752,4310,85723,72230,73244,64346,6435,70,75,150,285,405,345,410,375,285,320,700,570,420,425,320,1275,520,295,275,190,6435,80,75,150,275,475,405,485,410,405,380,755,545,485,375,310,820,415,210,205,16806384.393,32287.2232,,690,,
4252,Qualicum Beach,4 Small Urban,8943,425,Oceanside,42,Central Vancouver Island,42 CVI,4,Vancouver Island,4 VIHA,00000,00000,5.6000000000000005,4.6000000000000005,4305,88834,65776,74914,58045,1225,50039,39151,42545,34773,3075,104301,77997,87819,68653,4300,55,25,80,150,165,165,200,240,215,200,405,400,390,285,280,1040,415,240,250,135,4305,50,25,95,140,200,195,285,275,250,240,470,470,400,315,220,680,300,180,205,17994924.069,27679.4182,,691,,
4253,Oceanside Rural,6 Rural,24930,425,Oceanside,42,Central Vancouver Island,42 CVI,4,Vancouver Island,4 VIHA,00000,00000,5.5,7.5,11210,84151,64933,70082,57494,2780,39940,29490,33951,26675,8425,98750,78258,82013,68903,11205,255,200,300,475,470,445,575,525,510,505,885,950,745,720,615,3055,1040,745,725,545,11205,285,200,310,475,580,520,640,630,580,590,1125,940,915,665,520,2240,1055,470,715,811244494.0207,470426.0514,,692,,
4261,Port Alberni,4 Small Urban,21118,426,Alberni/Clayoquot,42,Central Vancouver Island,42 CVI,4,Vancouver Island,4 VIHA,00000,00001,5,7.1000000000000005,9550,63999,52091,55753,47053,3205,36575,29191,31911,26819,6345,77859,68355,67802,61460,9550,165,135,540,585,540,465,540,510,545,540,815,670,720,525,480,1775,790,485,370,130,9545,175,135,550,585,620,595,585,615,695,515,865,855,635,575,400,1150,645,275,235,49205972.6403,63983.3611,,693,,
4262,Alberni Valley/Bamfield,6 Rural,4329,426,Alberni/Clayoquot,42,Central Vancouver Island,42 CVI,4,Vancouver Island,4 VIHA,00000,00000,5.3,7.2,1995,80816,67013,68497,58851,565,47075,34829,39299,31255,1430,94166,82119,80050,72497,2000,40,20,60,55,90,65,80,115,75,110,155,170,125,140,105,595,230,155,130,75,1995,40,20,65,60,125,85,100,115,100,120,195,150,175,130,110,415,225,95,100,3492709791.3958,821086.1242,,694,,
4263,West Coast,7 Remote,5534,426,Alberni/Clayoquot,42,Central Vancouver Island,42 CVI,4,Vancouver Island,4 VIHA,01200,01212,14.8,13.700000000000001,2110,68371,58155,59672,51358,620,34965,32470,30920,28570,1485,82400,73798,71745,65246,2105,60,40,55,115,90,90,110,110,115,85,210,180,130,140,120,435,210,90,85,50,2110,65,40,55,130,110,115,135,115,130,130,170,180,180,135,140,275,140,80,50,3338823726.8692,1612730.7068,,695,,
4311,Comox,3 Medium Urban,21744,431,Comox Valley,43,North Vancouver Island,43 NVI,4,Vancouver Island,4 VIHA,00000,00000,4.1,4.1,9400,84717,70308,72120,61789,2580,47311,38644,40124,34065,6820,98873,85814,84229,75180,9400,80,70,150,310,320,365,450,435,345,470,875,810,750,675,510,2800,1075,735,550,435,9405,90,70,160,340,360,460,550,455,455,535,1055,900,770,645,525,2035,1030,430,570,72269048.6045,73741.821,,696,,
4312,Comox Valley Rural,6 Rural,19623,431,Comox Valley,43,North Vancouver Island,43 NVI,4,Vancouver Island,4 VIHA,00000,00000,4.8,6.2,8545,77741,64165,66325,56668,2295,40139,29824,34548,26956,6250,91533,78458,77980,68947,8545,125,135,195,405,435,385,380,470,345,375,740,660,620,560,485,2230,895,545,415,370,8540,130,135,215,445,470,465,480,475,425,440,890,770,600,600,485,1520,755,330,435,1640947709.64,361271.9169,,697,,
4313,Courtenay,3 Medium Urban,25160,431,Comox Valley,43,North Vancouver Island,43 NVI,4,Vancouver Island,4 VIHA,00000,00000,3.6,4.6000000000000005,11630,69481,57557,59899,50612,3860,39780,32032,34416,29177,7770,84245,73036,72566,64974,11625,145,130,430,620,660,620,670,595,540,640,1060,950,930,710,550,2385,950,620,545,275,11630,150,135,420,645,785,695,760,670,690,750,1220,1060,835,665,505,1635,855,375,405,32904122.2252,45218.8834,,747,,
4321,Campbell River,3 Medium Urban,33465,432,Greater Campbell River,43,North Vancouver Island,43 NVI,4,Vancouver Island,4 VIHA,00000,00000,4.4,4.1,14510,78313,64247,66658,56499,4250,41406,33169,35722,29941,10260,93607,79869,79478,70203,14515,220,105,375,710,735,635,705,710,690,705,1200,1200,1005,880,710,3935,1470,970,900,595,14515,225,105,400,730,815,750,865,835,780,770,1450,1310,1055,935,730,2750,1255,725,775,150836062.3113,95294.0463,,698,,
4322,Campbell River Rural,6 Rural,9105,432,Greater Campbell River,43,North Vancouver Island,43 NVI,4,Vancouver Island,4 VIHA,00100,00101,7.4,9.8,4155,74184,57859,63399,52338,1175,35665,26398,30914,24781,2985,89362,74783,76201,65183,4155,40,80,180,195,260,190,275,190,215,175,350,320,240,265,235,950,320,245,240,145,4155,45,80,175,190,310,230,300,260,225,195,380,300,350,255,155,690,345,180,165,13176098951.5001,2938345.4455,,756,,
4330,Vancouver Island West,6 Rural,1901,433,Vancouver Island West,43,North Vancouver Island,43 NVI,4,Vancouver Island,4 VIHA,00100,00101,7.2,7.8,855,64248,51980,55626,47397,300,39224,28842,33444,27794,555,77880,67186,67709,60244,855,20,25,65,40,35,70,35,45,45,30,80,60,55,45,45,160,45,45,50,20,855,20,20,75,40,40,75,50,60,40,30,100,85,30,60,25,120,55,40,30,5144085664.5086,1914070.7944,,736,,
4341,Port Hardy/Port Alice,5 Rural Hub,6456,434,Vancouver Island North,43,North Vancouver Island,43 NVI,4,Vancouver Island,4 VIHA,00100,00101,7.2,8.2,2775,72206,57201,61556,51157,890,38072,29088,32464,26119,1885,88315,77564,75286,69240,2775,35,95,100,145,190,120,115,170,125,115,235,155,170,160,175,670,260,165,185,60,2780,35,100,100,155,220,120,180,170,110,155,230,215,210,175,125,475,240,140,100,1609985663.1489,403230.8723,,742,,
4342,Port McNeill/Sointula,5 Rural Hub,3021,434,Vancouver Island North,43,North Vancouver Island,43 NVI,4,Vancouver Island,4 VIHA,00000,00000,5.6000000000000005,6.6000000000000005,1385,78877,66059,66445,58138,480,39638,32874,34174,28825,905,99728,96187,83594,81601,1385,30,45,30,70,50,70,50,60,70,45,115,80,65,75,80,445,200,110,105,25,1385,30,45,30,75,55,90,85,35,90,55,115,95,85,130,105,270,130,75,60,89500279.1728,78476.3991,,699,,
4343,Vancouver Island North Remote,7 Remote,1758,434,Vancouver Island North,43,North Vancouver Island,43 NVI,4,Vancouver Island,4 VIHA,01200,01211,12.6,11.6,780,56991,43717,51141,40658,285,30808,23998,27644,23328,500,71686,64544,64328,63248,780,60,25,40,55,45,50,40,50,40,30,45,40,40,65,30,135,75,35,20,10,780,60,20,40,50,60,50,60,40,30,20,60,50,75,40,35,80,55,15,15,19068602511.5474,5300341.4001,,750,,
5101,Haida Gwaii South,7 Remote,2323,510,Haida Gwaii,51,Northwest,51 NW,5,Northern,5 NHA,01200,01211,12.6,11.5,1020,68387,54390,60345,49781,385,36695,28544,32623,27153,630,87647,76941,77193,68830,1020,30,30,30,65,75,45,55,40,65,50,60,65,105,45,35,230,100,70,30,25,1020,25,35,30,80,70,55,50,60,60,45,80,100,60,65,40,165,95,35,40,5251949560.7461,2843511.3172,,700,,
5102,Haida Gwaii North,7 Remote,1875,510,Haida Gwaii,51,Northwest,51 NW,5,Northern,5 NHA,00100,00112,8.1,12,840,61300,52595,53606,46778,275,34967,34176,31115,30599,570,74161,68170,64590,60517,845,40,10,45,50,30,50,40,50,60,30,70,70,80,55,35,130,50,40,30,10,845,40,10,45,50,35,60,50,75,35,35,90,100,65,35,30,85,45,25,15,4791095521.949,1164384.2459,,701,,
5110,Snow Country,7 Remote,421,511,Snow Country,51,Northwest,51 NW,5,Northern,5 NHA,01100,01101,11.200000000000001,9.200000000000001,200,76932,58873,65155,48889,90,47189,47663,39957,39983,110,101472,90090,85946,76778,200,0,10,10,0,15,10,20,0,15,10,15,15,0,10,15,60,30,0,20,0,200,10,10,0,0,15,10,25,10,10,25,0,10,15,15,15,30,10,0,15,27578582546.0171,1729728.6564,,743,,
5121,Prince Rupert City Centre,4 Small Urban,12220,512,Prince Rupert,51,Northwest,51 NW,5,Northern,5 NHA,00100,00101,4.4,5.6000000000000005,4920,87489,73334,73355,63193,1450,49250,38939,40807,34420,3470,103491,94280,86975,81136,4920,45,70,125,205,255,155,190,195,225,165,390,345,250,290,330,1675,525,375,495,280,4920,55,75,125,215,270,235,215,220,245,220,430,370,330,405,280,1230,500,360,370,54973897.668,59775.9498,,702,,
5122,Prince Rupert Rural,7 Remote,1281,512,Prince Rupert,51,Northwest,51 NW,5,Northern,5 NHA,00100,00101,7.7,8.1,480,61073,44480,53999,42881,120,33172,20277,29091,20277,360,70428,52898,62351,49137,480,30,15,15,45,30,30,30,30,20,20,30,45,15,20,10,105,40,40,15,15,480,30,15,15,45,35,25,35,30,20,25,35,35,30,15,20,75,45,15,20,6112402632.0032,1902661.5161,,755,,
5130,Upper Skeena,7 Remote,4223,513,Upper Skeena,51,Northwest,51 NW,5,Northern,5 NHA,00100,00111,8.9,13.8,1620,60610,46965,54304,43921,455,38275,29530,33175,27025,1170,69332,56678,62556,53055,1625,80,40,60,90,105,125,115,100,70,75,125,120,70,90,55,305,135,75,65,25,1625,80,50,60,85,120,145,120,95,70,80,150,110,80,105,55,225,130,45,50,4461978078.9382,385914.5045,,703,,
5141,Smithers Town Centre,5 Rural Hub,6182,514,Smithers,51,Northwest,51 NW,5,Northern,5 NHA,00000,00000,5.8,7.1000000000000005,2610,88013,77557,74236,67872,800,49447,39932,41717,35402,1810,105005,94545,88564,80330,2610,20,25,70,50,145,90,90,125,95,80,195,195,155,175,195,900,310,260,165,165,2610,25,25,75,55,160,105,120,150,105,125,215,185,295,160,160,650,325,150,170,73365565.1639,53706.6517,,704,,
5142,Smithers Rural,6 Rural,6786,514,Smithers,51,Northwest,51 NW,5,Northern,5 NHA,00100,00111,5.5,12.700000000000001,2530,93128,79346,78878,69852,505,46861,35762,39521,31977,2025,104664,90935,88691,78683,2530,25,15,55,60,100,60,110,100,95,75,210,185,170,185,155,915,305,230,195,180,2530,25,15,50,75,105,110,105,125,90,130,220,230,240,195,170,660,310,120,225,4232627046.2234,454789.3087,,705,,
5143,Houston,5 Rural Hub,3446,514,Smithers,51,Northwest,51 NW,5,Northern,5 NHA,00100,00111,7.7,15.3,1420,91745,84459,76454,72427,340,48492,46056,40249,40457,1075,105547,98743,88007,82206,1420,15,25,35,55,25,45,55,75,35,55,105,75,80,75,100,560,210,125,115,105,1420,20,20,45,45,35,60,80,55,55,95,85,90,135,100,95,395,195,85,115,5637436019.4984,534193.9099,,706,,
5150,Kitimat,5 Rural Hub,9090,515,Kitimat,51,Northwest,51 NW,5,Northern,5 NHA,00100,00101,5.5,5.7,3835,103845,85606,83944,72529,1105,57280,49139,46522,42549,2730,122696,109520,99093,89315,3835,70,30,65,100,110,120,100,110,140,160,275,290,280,155,225,1615,435,415,415,345,3835,75,25,65,110,140,105,145,150,205,160,375,285,265,275,250,1210,550,255,405,19598677941.4385,5117647.3666,,707,,
5160,Stikine,7 Remote,1033,516,Stikine,51,Northwest,51 NW,5,Northern,5 NHA,03300,03323,30.2,27,485,73327,64149,63605,60052,180,47589,37761,40513,34818,310,88461,83631,77184,75511,485,15,20,10,30,20,20,20,30,10,0,40,40,25,40,35,120,45,25,40,10,490,15,20,10,35,25,25,25,25,10,30,30,50,55,45,15,85,30,30,20,132240588811.705,3510652.4881,,708,,
5171,Terrace City Centre,4 Small Urban,11977,517,Terrace,51,Northwest,51 NW,5,Northern,5 NHA,00000,00000,4.4,3.9,4735,90231,75999,76307,65983,1280,49062,35451,41873,32060,3455,105495,94116,89074,82458,4735,30,20,120,180,215,170,205,210,190,200,315,305,310,305,255,1700,540,430,470,265,4735,30,20,130,180,260,180,270,205,245,215,400,360,325,305,290,1300,590,330,380,26666698.451,36470.2344,,709,,
5172,Terrace Rural,6 Rural,8273,517,Terrace,51,Northwest,51 NW,5,Northern,5 NHA,00100,00101,6.6000000000000005,8.3,3310,79735,69683,67818,60564,805,40960,36208,34769,31866,2515,92103,83660,78359,72452,3315,85,50,70,110,140,130,155,190,95,140,270,235,215,275,165,985,375,250,260,100,3310,85,55,65,115,150,175,195,170,175,170,290,265,295,265,155,685,355,195,145,13200931990.964,819733.996,,710,,
5180,Nisga'a,7 Remote,1880,518,Nisga'a,51,Northwest,51 NW,5,Northern,5 NHA,00200,00202,4.8,5.2,570,70671,56960,62482,51072,95,41225,18389,34679,18389,475,76772,61632,68242,57216,570,10,10,25,35,25,25,35,30,30,30,45,30,40,35,25,140,60,35,30,15,570,10,10,20,35,25,35,35,40,30,30,50,40,40,35,30,100,50,30,25,5037071231.8881,528035.5896,,751,,
5190,Telegraph Creek,7 Remote,595,519,Telegraph Creek,51,Northwest,51 NW,5,Northern,5 NHA,01200,01212,12,10.6,220,61334,46720,57818,45099,50,28892,20224,27413,20224,170,70932,58496,66813,55424,220,10,10,15,20,15,10,0,15,10,15,15,10,10,10,10,50,20,15,15,0,220,10,10,15,20,15,10,15,10,10,10,20,10,15,15,10,45,20,15,10,23942506619.8701,712264.8875,,711,,
5211,Quesnel City Centre,4 Small Urban,9987,521,Quesnel,52,Northern Interior,52 NI,5,Northern,5 NHA,00000,00001,4.9,9.9,4430,74841,58797,62801,52001,1565,38938,28636,33591,26530,2865,94459,85507,78762,73698,4425,20,55,215,295,305,250,270,150,205,140,325,290,225,210,275,1200,440,350,230,180,4430,25,55,225,310,325,320,245,195,225,210,365,290,325,270,245,805,430,170,205,39511664.6171,52326.2993,,712,,
5212,Quesnel Rural,6 Rural,13218,521,Quesnel,52,Northern Interior,52 NI,5,Northern,5 NHA,00000,00001,4.2,8.3,5635,80504,68840,67931,59990,1375,41220,31879,35418,29182,4260,93228,83506,78462,72085,5635,80,70,145,225,265,255,240,265,255,250,410,395,395,320,305,1755,690,485,390,190,5640,80,70,150,230,310,320,295,270,290,300,510,475,435,400,385,1125,580,265,280,23686180593.9116,1151863.9524,,713,,
5221,Burns Lake Town Centre,5 Rural Hub,2065,522,Burns Lake,52,Northern Interior,52 NI,5,Northern,5 NHA,01200,01222,14.3,22,790,74430,65459,64828,58883,220,44644,37560,38441,35512,570,85988,82257,75068,72818,790,15,0,25,45,50,35,25,50,25,25,60,65,50,60,45,220,95,80,20,20,790,10,0,25,45,55,40,40,55,35,30,90,50,70,50,55,150,100,20,35,6971957.3456,13711.4273,,714,,
5222,Burns Lake South,7 Remote,1740,522,Burns Lake,52,Northern Interior,52 NI,5,Northern,5 NHA,00100,00111,8.6,13.6,670,74817,60523,64624,55190,155,37286,34583,33231,30725,515,86233,71672,74172,66331,670,15,10,20,30,15,15,50,50,20,40,65,55,50,10,35,195,75,55,55,15,670,15,10,20,30,15,25,70,35,50,25,85,60,30,40,40,135,80,30,25,18719857721.2398,768921.9372,,715,,
5223,Burns Lake North,6 Rural,2451,522,Burns Lake,52,Northern Interior,52 NI,5,Northern,5 NHA,00100,00111,7.3,14.200000000000001,1040,81590,73629,68586,62995,275,41895,31995,36174,29667,765,95674,90156,80086,76943,1040,20,0,20,65,50,35,65,35,20,65,95,40,60,65,65,345,125,105,100,15,1040,20,0,20,70,50,60,45,25,50,65,90,65,110,70,60,240,130,65,40,7097161409.2311,510569.1227,,716,,
5231,Vanderhoof,6 Rural,4439,523,Nechako,52,Northern Interior,52 NI,5,Northern,5 NHA,00000,00001,6.4,8.5,1750,87186,79324,73617,67203,520,45997,40370,39109,34715,1230,104578,98108,88187,84396,1750,25,10,40,35,75,90,85,45,85,90,95,90,125,115,125,630,245,160,165,60,1755,20,0,40,35,100,125,70,75,105,70,105,155,150,115,160,415,220,105,95,54278119.953,39509.6717,,717,,
5232,Vanderhoof Rural,6 Rural,3996,523,Nechako,52,Northern Interior,52 NI,5,Northern,5 NHA,00100,00111,5.6000000000000005,10.5,1495,83516,75784,70903,65554,275,37381,23402,31747,23274,1225,93834,86811,79661,74414,1495,50,25,40,50,45,60,65,50,60,50,65,105,105,115,85,515,220,105,140,50,1495,50,25,35,55,50,80,70,40,50,65,125,140,125,110,110,350,175,90,85,5611190857.7142,452802.5253,,718,,
1376,Rutland,2 Large Urban,34796,137,Central Okanagan,13,Okanagan,13 OK,1,Interior,1 IHA,00000,00001,4.1,5.5,13545,80369,66254,68608,58291,3255,38132,32653,33160,29208,10290,93732,80366,79823,70609,13545,95,145,330,505,660,600,720,710,590,645,1160,1005,1000,905,755,3715,1620,905,750,435,13545,110,150,325,525,775,745,805,745,755,740,1305,1205,1085,940,865,2475,1265,550,660,41997261.4749,29622.1509,,564,,
1377,Okanagan Mission,2 Large Urban,24900,137,Central Okanagan,13,Okanagan,13 OK,1,Interior,1 IHA,00000,00000,3.2,4.7,8885,149010,102952,118876,87913,1295,64508,41667,51944,36995,7595,163409,116104,130282,98723,8885,100,75,100,145,170,195,205,235,220,300,515,515,525,475,540,4575,1010,860,1120,1585,8890,105,75,110,155,215,200,285,280,285,300,660,590,650,680,495,3805,1180,825,1805,90748924.9702,55819.1504,,565,,
1380,Summerland,5 Rural Hub,12110,138,Summerland,13,Okanagan,13 OK,1,Interior,1 IHA,00000,00001,6.5,7.2,5110,84564,66986,71106,59839,1360,41186,30922,34847,28271,3755,100267,84407,84231,73670,5115,55,70,145,215,240,175,305,250,245,185,385,410,310,325,330,1465,565,320,340,240,5115,80,80,125,220,280,210,325,305,255,255,440,470,340,415,325,995,440,235,315,615737953.3522,127435.0451,,566,,
1390,Enderby,6 Rural,7285,139,Enderby,13,Okanagan,13 OK,1,Interior,1 IHA,00100,00101,5.8,8.1,3250,65540,53624,56855,48347,970,33314,24214,29212,23475,2280,79212,68557,68584,61664,3255,70,55,135,260,170,155,195,205,140,130,255,305,230,170,130,655,285,185,110,70,3255,75,60,145,245,195,185,230,215,170,165,320,305,190,190,140,430,250,100,85,1865956810.188,257956.7188,,567,,
1410,Revelstoke,5 Rural Hub,8085,141,Revelstoke,14,Thompson Cariboo Shuswap,14 TC,1,Interior,1 IHA,00100,00111,6.7,1000,3480,83160,74140,70849,64226,1000,41621,34478,35693,31967,2485,99877,90310,84997,78325,3485,30,15,105,115,190,125,100,155,130,130,290,230,280,250,230,1100,395,295,280,125,3485,35,20,100,115,220,135,160,170,155,165,330,320,315,245,195,800,405,205,195,9320321072.8857,663703.5062,,568,,
1420,Salmon Arm,4 Small Urban,33648,142,Salmon Arm,14,Thompson Cariboo Shuswap,14 TC,1,Interior,1 IHA,00000,00000,5.8,7.7,14630,78662,61457,66583,55153,4015,41119,30079,35531,27265,10610,92873,75519,78338,66486,14625,190,190,395,670,765,655,810,760,665,685,1370,1235,1045,815,795,3590,1330,860,810,585,14625,230,190,435,665,850,850,885,790,860,765,1530,1330,1065,970,690,2520,1125,660,745,3155966665.0802,430761.5409,,569,,
1431,Kamloops Centre North,3 Medium Urban,44714,143,Kamloops,14,Thompson Cariboo Shuswap,14 TC,1,Interior,1 IHA,00000,00001,5,6.2,18415,80406,67060,68385,59000,5130,39057,32344,33702,28877,13285,96372,84479,81777,74097,18415,265,225,585,895,815,685,870,755,775,705,1600,1445,1250,1105,1010,5430,2105,1325,1355,645,18415,280,225,620,920,930,820,1015,875,940,925,1830,1490,1380,1270,1155,3745,1870,905,965,252483174.1632,123462.2953,,570,,
1432,Kamloops Centre South,3 Medium Urban,48587,143,Kamloops,14,Thompson Cariboo Shuswap,14 TC,1,Interior,1 IHA,00000,00000,5.4,5.3,19780,97580,81343,81173,70100,5235,49616,39594,41608,34843,14545,114852,101100,95421,85941,19780,340,230,480,565,525,600,755,705,730,740,1515,1280,1245,1240,970,7850,2350,1730,2395,1370,19780,360,230,490,580,665,820,870,770,920,880,1725,1560,1450,1290,1195,5955,2345,1660,1950,204491474.3041,96549.1152,,571,,
1433,Lower Thompson,6 Rural,19986,143,Kamloops,14,Thompson Cariboo Shuswap,14 TC,1,Interior,1 IHA,00100,00111,7.3,11.4,8940,78592,63349,65916,55947,2270,39971,29582,32087,26856,6670,91729,76477,77423,66916,8940,140,125,295,405,415,380,515,525,405,390,615,735,615,555,485,2340,865,550,585,345,8940,165,125,300,415,440,505,590,530,490,385,885,790,650,600,425,1645,760,450,430,16047756358.1212,977252.4909,,572,,
1440,100 Mile House,6 Rural,14112,144,100 Mile House,14,Thompson Cariboo Shuswap,14 TC,1,Interior,1 IHA,00100,00101,7.2,8.9,6435,66296,52761,57319,48175,1820,35888,25581,31337,24400,4610,78300,66041,67576,59068,6435,160,145,220,320,400,325,405,405,385,310,520,430,470,315,325,1300,580,330,260,130,6435,165,145,225,335,465,330,530,390,405,365,630,515,450,375,270,850,460,210,180,10958620647.2314,526338.2263,,573,,
1450,North Thompson,6 Rural,4050,145,North Thompson,14,Thompson Cariboo Shuswap,14 TC,1,Interior,1 IHA,00100,00111,7,13.8,1835,71143,61210,60606,53210,580,38595,29459,33475,28158,1255,86314,79895,73252,69404,1840,15,30,85,100,115,70,130,75,70,115,95,155,95,125,100,460,190,135,90,40,1835,25,25,90,100,120,95,120,80,120,90,170,120,175,115,100,285,145,70,70,12521049955.6331,722793.12,,574,,
1461,West Cariboo,7 Remote,2650,146,Cariboo/Chilcotin,14,Thompson Cariboo Shuswap,14 TC,1,Interior,1 IHA,00100,00111,8.9,10.6,1030,63271,51332,55483,47673,265,35719,23714,30973,23213,765,72812,62119,63971,57078,1025,70,25,35,85,60,55,60,40,55,30,80,65,85,70,55,170,85,30,30,25,1025,70,25,40,85,55,80,40,60,35,50,90,115,85,60,35,105,55,20,30,32371360022.2514,1175618.2976,,748,,
1462,Williams Lake/East Cariboo,6 Rural,22165,146,Cariboo/Chilcotin,14,Thompson Cariboo Shuswap,14 TC,1,Interior,1 IHA,00100,00101,5.6000000000000005,6.4,9275,82305,72515,69894,63266,2525,44274,34944,37839,31965,6745,96547,88787,81897,76327,9275,145,125,160,390,415,430,405,355,430,300,730,595,625,600,550,3020,1235,790,695,305,9275,150,135,160,405,515,440,470,460,420,415,830,760,810,690,635,1985,1020,510,455,12026693305.3462,771677.722,,575,,
1470,Lillooet,6 Rural,4012,147,Lillooet,14,Thompson Cariboo Shuswap,14 TC,1,Interior,1 IHA,01100,01111,10.8,11.200000000000001,1865,57365,44087,51093,40640,675,29412,23736,26751,22352,1190,73193,61929,64876,56133,1870,90,25,90,130,140,140,135,115,85,95,130,155,80,75,85,295,145,70,65,20,1870,85,30,90,145,145,170,145,105,100,85,165,140,65,110,100,185,105,50,35,7422414334.5905,640148.492,,576,,
1480,South Cariboo,6 Rural,6548,148,South Cariboo,14,Thompson Cariboo Shuswap,14 TC,1,Interior,1 IHA,00100,00111,9.4,13.4,2970,64340,52729,55716,47882,935,32533,24130,28824,23286,2030,79024,67067,68132,60543,2970,110,80,130,175,210,135,205,120,125,145,230,265,160,170,170,545,250,105,165,25,2965,115,80,135,170,220,200,175,165,130,140,330,200,220,195,135,340,185,100,65,9317383195.8693,869558.4379,,577,,
1490,Merritt,6 Rural,10855,149,Merritt,14,Thompson Cariboo Shuswap,14 TC,1,Interior,1 IHA,00100,00111,8.5,12.3,4590,74089,60503,63630,54514,1335,37981,25785,33512,24043,3260,88875,81411,75963,69637,4590,90,75,250,305,180,210,205,250,220,150,345,310,205,270,300,1215,440,375,275,125,4595,90,85,250,315,210,250,235,250,225,200,380,380,295,335,220,870,450,225,195,6557638740.3674,546800.7396,,578,,
2110,Hope,5 Rural Hub,8129,211,Hope,21,Fraser East,21 FE,2,Fraser,2 FHA,00100,00111,9.4,14.9,3700,62467,48459,54467,43687,1290,31820,25027,28357,24201,2410,78935,63597,68497,57989,3700,60,70,165,280,325,295,235,155,175,145,400,235,185,220,145,620,235,155,135,95,3700,55,75,170,285,360,345,225,185,190,245,350,225,240,155,145,425,195,105,125,5292466949.705,623144.8274,,579,,
2121,South Chilliwack,3 Medium Urban,51241,212,Chilliwack,21,Fraser East,21 FE,2,Fraser,2 FHA,00000,00000,4.4,4.9,19340,91047,76938,76960,67919,4060,45127,37813,37933,34168,15280,103250,89021,87332,77935,19340,240,150,300,530,625,700,810,865,725,845,1560,1290,1455,1400,1250,6595,2400,1585,1590,1020,19340,270,165,300,540,715,875,965,975,885,955,1745,1675,1725,1555,1185,4810,2215,1210,1385,1143943320.2802,192715.3207,,580,,
2122,North Chilliwack,3 Medium Urban,41936,212,Chilliwack,21,Fraser East,21 FE,2,Fraser,2 FHA,00000,00000,5.5,5.7,17215,69746,55883,60172,50228,5435,34324,26050,30042,24873,11780,86093,74156,74077,65710,17215,255,260,805,1105,1005,820,960,890,835,785,1415,1275,1175,1025,845,3755,1620,905,735,495,17210,285,265,815,1120,1135,995,1055,1060,925,930,1640,1400,1215,1125,730,2535,1300,555,675,164595160.0374,96335.529,,581,,
2131,Central Abbotsford,2 Large Urban,22754,213,Abbotsford,21,Fraser East,21 FE,2,Fraser,2 FHA,00000,00001,7.4,6.5,9825,63368,51742,55007,46434,3710,37234,28485,32348,26279,6120,79223,69738,68755,62028,9830,275,180,440,685,665,490,605,525,455,450,795,750,680,605,545,1680,745,450,300,180,9830,280,170,460,710,750,600,675,570,585,480,975,790,710,540,410,1125,590,285,250,8813804.4359,17201.0634,,582,,
2132,East Abbotsford,2 Large Urban,35584,213,Abbotsford,21,Fraser East,21 FE,2,Fraser,2 FHA,00000,00000,2.7,4.8,11975,118405,101432,98463,87555,1745,58945,46966,48385,40510,10225,128554,111974,107011,95082,11975,130,75,105,205,235,235,230,325,295,305,675,745,695,875,770,6080,1765,1370,1610,1330,11970,140,65,115,215,275,275,320,345,390,410,830,875,1085,885,1015,4730,1800,1180,1745,83146726.9956,52270.8349,,583,,
2133,West Abbotsford,2 Large Urban,58511,213,Abbotsford,21,Fraser East,21 FE,2,Fraser,2 FHA,00000,00000,3.5,4.5,19705,75340,64920,66420,58309,4895,36144,29529,32018,27578,14805,88306,78271,77800,70196,19705,280,240,500,760,900,950,830,970,970,1005,1605,1665,1610,1270,1120,5030,2305,1125,1080,525,19705,290,250,505,805,1030,1030,1090,1110,1155,1015,1900,1915,1485,1425,1260,3455,1655,900,895,20170544.0288,23982.8601,,584,,
2134,Abbotsford Rural,6 Rural,24836,213,Abbotsford,21,Fraser East,21 FE,2,Fraser,2 FHA,00000,00000,4.3,4.2,7625,106560,85138,90323,74903,1355,45142,39903,38737,35407,6275,119828,98177,101467,86706,7625,105,80,75,145,230,220,210,260,260,330,565,605,505,430,470,3140,995,605,850,685,7625,115,90,80,160,245,255,280,315,315,375,685,630,520,555,495,2500,945,615,935,299722444.7068,139316.271,,585,,
2141,South Mission,3 Medium Urban,26303,214,Mission,21,Fraser East,21 FE,2,Fraser,2 FHA,00000,00001,4.9,7.3,9540,82364,73017,70484,64304,2170,39564,32236,34112,28816,7375,94958,88491,81187,76657,9540,105,100,300,385,420,340,485,300,375,355,760,695,620,645,610,3065,1225,790,700,350,9545,105,105,305,390,470,430,480,430,480,455,855,765,750,810,620,2095,1035,565,500,28671336.5465,32503.481,,740,,
2142,North Mission,6 Rural,16854,214,Mission,21,Fraser East,21 FE,2,Fraser,2 FHA,00100,00101,6.3,8.2,5740,92336,78292,78351,69257,1130,35363,28497,30724,27324,4605,106373,93516,90086,80177,5735,150,95,145,220,145,210,195,225,190,200,400,360,360,390,290,2150,745,495,550,370,5740,160,90,150,225,190,225,235,255,280,245,425,445,470,385,315,1645,710,430,510,1425939248.4358,279318.6528,,586,,
2150,Agassiz/Harrison,5 Rural Hub,9696,215,Agassiz/Harrison,21,Fraser East,21 FE,2,Fraser,2 FHA,01100,01101,10.5,7.3,3690,69322,57176,60551,52062,995,42466,36205,36369,31637,2700,79225,69335,69468,61283,3695,65,55,120,160,200,175,180,210,215,185,315,340,270,230,205,765,315,210,180,60,3690,65,60,120,175,225,185,230,250,270,190,410,275,345,205,155,535,300,140,95,4111864553.8425,483999.2917,,587,,
2210,New Westminster,1 Metropolitan,70996,221,New Westminster,22,Fraser North,22 FN,2,Fraser,2 FHA,00000,00000,5,5,32705,79968,64847,67444,56336,12540,45195,38673,38352,34588,20165,101586,89364,85530,76872,32705,765,465,1190,1585,1430,1240,1380,1425,1600,1365,2685,2475,2125,1975,1805,9200,3345,2110,2155,1590,32710,785,470,1215,1660,1625,1640,1710,1905,1695,1640,3005,2745,2420,1970,1670,6560,2865,1615,2075,18593024.0562,21787.8729,,588,,
2221,Burnaby Northwest,1 Metropolitan,47161,222,Burnaby,22,Fraser North,22 FN,2,Fraser,2 FHA,00000,00001,4.5,6.4,19325,90810,71363,75862,61863,5650,48077,40822,40330,35754,13675,108456,91783,90535,80481,19320,655,330,610,630,720,680,740,710,700,795,1535,1395,1215,1145,810,6650,2000,1535,1710,1415,19325,705,330,615,650,835,835,905,810,940,900,1820,1435,1285,1020,980,5260,2210,1230,1815,16199743.6234,18837.0018,,589,,
2222,Burnaby Northeast,1 Metropolitan,45434,222,Burnaby,22,Fraser North,22 FN,2,Fraser,2 FHA,00000,00001,3.6,5.9,18200,87676,68762,73095,60255,4810,43597,34541,36479,30838,13390,103517,85687,86255,74654,18200,1160,350,425,780,710,625,710,725,640,605,1290,1225,1065,1070,975,5840,1900,1330,1320,1295,18200,1190,360,425,815,795,750,890,755,785,860,1430,1395,1335,1065,930,4425,1760,1025,1640,29838326.9181,23220.2908,,590,,
2223,Burnaby Southwest,1 Metropolitan,81414,222,Burnaby,22,Fraser North,22 FN,2,Fraser,2 FHA,00000,00001,4,6,32915,75072,57971,64015,51770,9840,39790,31152,33815,28345,23075,90121,74353,76896,66127,32915,1840,760,1240,1680,1425,1575,1750,1260,1430,1450,2490,2315,2190,1685,1420,8405,2680,2025,2060,1635,32915,1940,730,1280,1690,1630,2000,1725,1720,1745,1460,3050,2460,1970,1715,1350,6440,2635,1575,2225,31029715.6741,26467.7645,,591,,
2224,Burnaby Southeast,1 Metropolitan,58746,222,Burnaby,22,Fraser North,22 FN,2,Fraser,2 FHA,00000,00000,4.5,5,21760,85092,66866,72214,59308,5465,43402,31577,36822,28944,16295,99068,82120,84078,72832,21760,735,420,780,1120,805,855,885,865,805,915,1570,1555,1370,1190,1210,6685,2245,1460,1590,1390,21760,775,435,785,1130,880,1070,1005,1015,1005,990,1890,1635,1550,1395,1145,5065,2020,1220,1820,14893187.4234,19750.7782,,592,,
2231,Haney,1 Metropolitan,30824,223,Maple Ridge/Pitt Meadows,22,Fraser North,22 FN,2,Fraser,2 FHA,00000,00000,4.8,6.2,12920,78379,66602,66665,58042,4145,40362,33529,34680,30377,8775,96328,88202,81767,76237,12920,135,170,420,665,650,490,615,620,635,475,895,1030,815,825,620,3860,1495,1010,950,410,12920,150,180,420,660,720,650,760,680,690,560,1190,1075,975,810,690,2700,1380,760,560,13455006.7147,18866.792,,593,,
2232,Pitt Meadows,1 Metropolitan,18835,223,Maple Ridge/Pitt Meadows,22,Fraser North,22 FN,2,Fraser,2 FHA,00000,00000,3.7,4.8,7265,99630,86345,82957,73797,1660,50988,44180,42760,38517,5605,114027,100345,94855,85934,7265,85,80,105,195,205,195,275,225,260,225,600,445,455,425,525,2970,915,725,820,515,7265,90,75,115,200,225,255,310,340,285,345,570,580,555,605,475,2225,960,555,710,96398466.0821,57185.701,,594,,
2233,Maple Ridge Rural,1 Metropolitan,51442,223,Maple Ridge/Pitt Meadows,22,Fraser North,22 FN,2,Fraser,2 FHA,00000,00000,3.5,5.1000000000000005,17340,114149,101720,94364,86730,2580,52936,41968,43441,36806,14760,124843,112226,103260,95236,17340,200,155,215,295,330,390,415,490,405,550,910,980,1025,1090,1045,8845,2460,2085,2455,1845,17340,225,150,220,325,390,475,535,485,585,660,1170,1245,1405,1200,1345,6915,2735,1725,2460,1350624168.2832,329411.1598,,595,,
2241,North Coquitlam,1 Metropolitan,40842,224,Tri-Cities,22,Fraser North,22 FN,2,Fraser,2 FHA,00000,00000,3,3.7,13395,107277,87595,88731,76068,1730,51380,43310,42377,38431,11660,115563,97528,95603,84078,13390,320,245,260,370,350,510,420,345,445,410,770,860,815,720,700,5845,1475,1205,1680,1485,13395,335,245,260,400,420,550,450,490,485,550,905,1010,905,900,745,4740,1650,1145,1940,606626922.7555,119676.55,,596,,
2242,Southwest Coquitlam,1 Metropolitan,70406,224,Tri-Cities,22,Fraser North,22 FN,2,Fraser,2 FHA,00000,00000,3.9,4.7,27160,88503,68872,74445,60369,6795,43626,37401,37095,33197,20365,103477,85827,86907,75089,27155,1070,480,590,1070,1080,1025,1200,1170,1160,1070,2040,1820,1660,1610,1210,8900,2720,1970,2315,1905,27160,1075,485,605,1140,1140,1290,1435,1445,1275,1240,2345,2020,1885,1525,1410,6835,2705,1635,2500,24633068.6412,30432.9642,,597,,
2243,Southeast Coquitlam,1 Metropolitan,28129,224,Tri-Cities,22,Fraser North,22 FN,2,Fraser,2 FHA,00000,00000,3.9,4.9,10805,90557,72368,76449,63208,2900,45764,40234,38849,34985,7910,106971,92089,90227,80225,10805,205,95,295,360,365,435,445,445,450,445,935,730,655,635,535,3770,1240,855,930,740,10805,215,90,305,360,405,560,570,550,555,575,900,815,770,640,665,2835,1170,675,990,18852966.0655,22525.7266,,745,,
2244,Port Coquitlam,1 Metropolitan,58612,224,Tri-Cities,22,Fraser North,22 FN,2,Fraser,2 FHA,00000,00000,3.9,3.7,21755,95644,83918,80577,72081,4865,48010,42276,40454,36422,16890,109368,100920,92137,86401,21755,295,180,450,585,615,610,605,790,720,865,1580,1645,1400,1380,1185,8845,2865,2265,2360,1350,21750,300,185,460,590,725,700,885,940,1020,1020,1795,1820,1655,1565,1575,6515,2815,1745,1955,34542450.5218,30541.3808,,598,,
2245,Port Moody/Anmore/Belcarra,1 Metropolitan,36404,224,Tri-Cities,22,Fraser North,22 FN,2,Fraser,2 FHA,00000,00000,3.3000000000000003,4.6000000000000005,13920,118094,95499,95268,80893,3065,64976,52610,52303,44866,10850,133107,110436,107412,93893,13920,295,135,240,270,280,370,350,370,430,390,850,855,790,800,870,6620,1695,1455,1695,1780,13920,315,130,245,280,325,435,450,470,505,535,1055,985,1125,1005,855,5210,1855,1255,2095,61139113.6087,58685.7399,,599,,
2311,City of Langley,1 Metropolitan,25888,231,Langley,23,Fraser South,23 FS,2,Fraser,2 FHA,00000,00001,4.7,6.1000000000000005,11840,70629,59645,60357,51969,4590,40146,32661,34677,29635,7250,89917,81068,76606,70766,11840,145,85,570,755,740,430,545,600,555,560,970,1050,760,675,675,2730,1135,730,535,330,11840,155,90,570,765,820,555,695,700,725,605,1205,970,845,770,615,1760,940,430,395,10221993.7729,14369.609100000001,,600,,
2312,Walnut Grove/Fort Langley,1 Metropolitan,29587,231,Langley,23,Fraser South,23 FS,2,Fraser,2 FHA,00000,00000,3.9,5.4,10715,113433,96527,93386,82417,2045,51834,47257,43379,40781,8670,127979,113123,105194,95256,10715,175,65,60,175,230,235,290,380,290,355,715,620,695,680,600,5145,1370,1225,1470,1075,10710,195,60,65,195,255,315,395,400,440,380,850,830,825,735,665,4120,1575,1135,1410,43589161.1066,27691.0177,,739,,
2313,Willoughby,1 Metropolitan,31567,231,Langley,23,Fraser South,23 FS,2,Fraser,2 FHA,00000,00000,3.5,5.2,10975,102084,91484,85143,78190,2065,54920,50955,45656,42980,8910,113011,104093,94292,88178,10980,180,105,155,150,305,240,335,320,355,330,685,720,760,715,765,4860,1615,1200,1255,790,10980,190,105,165,150,325,355,365,415,425,455,900,900,920,860,905,3550,1530,955,1065,21911902.4087,20111.5472,,601,,
2314,Brookswood/Murrayville,1 Metropolitan,22090,231,Langley,23,Fraser South,23 FS,2,Fraser,2 FHA,00000,00000,4.7,5.5,8320,105717,88649,88046,75889,2020,47695,40922,40759,36188,6295,124339,110509,103222,94338,8320,65,35,65,200,340,230,320,275,320,340,545,545,560,400,395,3690,1110,825,1005,755,8320,70,40,80,200,390,335,300,345,420,370,655,670,495,545,505,2900,1130,775,990,23448325.0395,35429.6073,,602,,
2315,Aldergrove/Otter,4 Small Urban,13204,231,Langley,23,Fraser South,23 FS,2,Fraser,2 FHA,00000,00001,4.2,6.6000000000000005,4845,85269,74442,72726,64845,1170,41875,32377,35588,29285,3670,99130,92234,84588,79563,4845,60,55,115,220,165,210,175,170,215,195,310,380,335,250,360,1635,625,445,365,195,4845,65,55,120,220,205,245,215,225,245,210,410,390,385,430,320,1125,525,315,285,16397279.6393,27414.4018,,603,,
2316,North Langley Township,6 Rural,12653,231,Langley,23,Fraser South,23 FS,2,Fraser,2 FHA,00000,00001,4.2,7.5,4260,124671,98968,101811,83705,665,56576,37905,45014,34555,3595,137274,111959,112322,97240,4260,70,10,80,65,105,75,100,130,95,130,300,260,280,190,255,2105,495,365,565,680,4260,85,10,80,65,115,115,125,145,120,155,360,325,290,290,235,1745,520,380,850,109695330.0471,49370.3892,,604,,
2317,South Langley Township,6 Rural,8789,231,Langley,23,Fraser South,23 FS,2,Fraser,2 FHA,00100,00101,3.9,5.7,3210,118564,83299,97051,72261,650,59757,31447,48234,28764,2560,133536,99606,109480,85033,3210,55,35,55,80,145,105,105,115,80,90,220,290,155,185,155,1340,355,200,300,480,3210,65,50,50,85,180,95,125,120,85,135,315,240,225,190,160,1105,330,180,590,102091389.6771,55701.2854,,605,,
2321,North Delta,1 Metropolitan,56017,232,Delta,23,Fraser South,23 FS,2,Fraser,2 FHA,00000,00000,2.9,4.1,17665,105061,92165,88324,81022,2520,46240,36992,37289,32526,15140,114861,103231,96826,88911,17665,175,165,235,425,470,465,480,495,535,565,1120,1225,1100,1080,1045,8085,2540,1930,2215,1400,17665,200,175,230,435,515,540,635,545,680,645,1480,1310,1330,1400,1235,6310,2630,1660,2025,21101311.072,24182.622900000002,,606,,
2322,Ladner,4 Small Urban,24822,232,Delta,23,Fraser South,23 FS,2,Fraser,2 FHA,00000,00000,4.5,4.6000000000000005,9455,109704,90211,89989,77185,2260,48994,41917,41367,36587,7195,128794,109270,105277,92710,9455,110,85,145,220,285,285,285,285,315,335,630,595,590,540,485,4260,1235,965,1130,935,9455,120,85,155,220,365,325,335,365,430,325,785,705,690,635,620,3305,1265,835,1205,158547045.7908,96600.1851,,738,,
2323,Tsawwassen,4 Small Urban,22225,232,Delta,23,Fraser South,23 FS,2,Fraser,2 FHA,00000,00000,3.2,6.6000000000000005,8965,127785,93526,101244,80324,2220,57760,46069,47097,39808,6745,150808,115598,119047,99265,8965,125,90,110,175,250,230,330,295,260,255,585,590,535,480,485,4190,950,815,1105,1310,8965,150,100,105,195,275,355,360,340,295,365,685,670,570,580,425,3495,1175,855,1465,20318477.5953,32056.5467,,607,,
2331,Whalley,1 Metropolitan,53402,233,Surrey,23,Fraser South,23 FS,2,Fraser,2 FHA,00100,00101,5.3,9,15230,83224,72373,73130,65287,2315,36399,30329,31955,28204,12910,91611,82483,80505,73161,15225,225,150,305,555,495,580,585,595,625,630,1300,1255,1080,1110,940,4805,1945,1155,1110,590,15230,230,155,305,580,545,670,730,715,715,760,1535,1305,1300,1075,1015,3570,1665,870,1035,22339532.744,39229.8868,,744,,
